ISO-10303-21;
HEADER;
FILE_DESCRIPTION (( 'STEP AP214' ),
    '1' );
FILE_NAME ('D2LS_21_20M.step',
    '2022-12-23T06:45:12',
    ( 'OSMC1.0    ' ),
    ( ' ' ),
    'SwSTEP 2.0',
    'SolidWorks 2002025',
    '' );
FILE_SCHEMA (( 'AUTOMOTIVE_DESIGN' ));
ENDSEC;

DATA;
#1 = ADVANCED_FACE ( 'NONE', ( #1834 ), #1835, .T. ) ;
#2 = EDGE_CURVE ( 'NONE', #733, #842, #1841, .T. ) ;
#3 = FACE_OUTER_BOUND ( 'NONE', #1666, .T. ) ;
#4 = PLANE ( 'NONE',  #5 ) ;
#5 = AXIS2_PLACEMENT_3D ( 'NONE', #6, #7, #8 ) ;
#6 = CARTESIAN_POINT ( 'NONE',  ( 1.100000000000000100, 2.200000000000000200, 0.8499999999999999800 ) ) ;
#7 = DIRECTION ( 'NONE',  ( 1.000000000000000000, 0.0000000000000000000, -4.336808689942015300E-016 ) ) ;
#8 = DIRECTION ( 'NONE',  ( -4.336808689942015300E-016, 0.0000000000000000000, -1.000000000000000000 ) ) ;
#9 = LINE ( 'NONE', #10, #11 ) ;
#10 = CARTESIAN_POINT ( 'NONE',  ( -2.299999999999999800, 3.000000000000000000, -2.399999999999999900 ) ) ;
#11 = VECTOR ( 'NONE', #12, 1000.000000000000000 ) ;
#12 = DIRECTION ( 'NONE',  ( 9.035018104045869500E-017, 0.0000000000000000000, 1.000000000000000000 ) ) ;
#13 = CARTESIAN_POINT ( 'NONE',  ( -0.5000000000000000000, -0.8000000000000000400, 0.8499999999999999800 ) ) ;
#14 = CARTESIAN_POINT ( 'NONE',  ( -0.2400000000000000200, -0.05784098738882129800, -1.350000000000000100 ) ) ;
#15 = FACE_OUTER_BOUND ( 'NONE', #962, .T. ) ;
#16 = COLOUR_RGB ( '',0.7490196078431372600, 0.7490196078431372600, 0.7490196078431372600 ) ;
#17 = FILL_AREA_STYLE_COLOUR ( '', #16 ) ;
#18 = FILL_AREA_STYLE ('',( #17 ) ) ;
#19 = ORIENTED_EDGE ( 'NONE', *, *, #155, .F. ) ;
#20 = SURFACE_STYLE_FILL_AREA ( #18 ) ;
#21 = SURFACE_SIDE_STYLE ('',( #20 ) ) ;
#22 = SURFACE_STYLE_USAGE ( .BOTH. , #21 ) ;
#23 = PRESENTATION_STYLE_ASSIGNMENT (( #22 ) ) ;
#24 = STYLED_ITEM ( 'NONE', ( #23 ), #775 ) ;
#25 = PRESENTATION_LAYER_ASSIGNMENT (  '', '', ( #24 ) ) ;
#26 = MECHANICAL_DESIGN_GEOMETRIC_PRESENTATION_REPRESENTATION (  '', ( #24 ), #31 ) ;
#27 =( LENGTH_UNIT ( ) NAMED_UNIT ( * ) SI_UNIT ( .MILLI., .METRE. ) );
#28 =( NAMED_UNIT ( * ) PLANE_ANGLE_UNIT ( ) SI_UNIT ( $, .RADIAN. ) );
#29 =( NAMED_UNIT ( * ) SI_UNIT ( $, .STERADIAN. ) SOLID_ANGLE_UNIT ( ) );
#30 = UNCERTAINTY_MEASURE_WITH_UNIT (LENGTH_MEASURE( 1.000000000000000100E-005 ), #27, 'distance_accuracy_value', 'NONE');
#31 =( GEOMETRIC_REPRESENTATION_CONTEXT ( 3 ) GLOBAL_UNCERTAINTY_ASSIGNED_CONTEXT ( ( #30 ) ) GLOBAL_UNIT_ASSIGNED_CONTEXT ( ( #27, #28, #29 ) ) REPRESENTATION_CONTEXT ( 'NONE', 'WORKASPACE' ) );
#32 = PLANE ( 'NONE',  #33 ) ;
#33 = AXIS2_PLACEMENT_3D ( 'NONE', #34, #35, #37 ) ;
#34 = CARTESIAN_POINT ( 'NONE',  ( 7.599999999999999600, 1.100000000000000100, 0.4500000000000000100 ) ) ;
#35 = DIRECTION ( 'NONE',  ( -1.000000000000000000, 0.0000000000000000000, 0.0000000000000000000 ) ) ;
#36 = EDGE_CURVE ( 'NONE', #1625, #1790, #1862, .T. ) ;
#37 = DIRECTION ( 'NONE',  ( 0.0000000000000000000, 0.0000000000000000000, 1.000000000000000000 ) ) ;
#38 = FACE_OUTER_BOUND ( 'NONE', #2212, .T. ) ;
#39 = PLANE ( 'NONE',  #40 ) ;
#40 = AXIS2_PLACEMENT_3D ( 'NONE', #41, #42, #43 ) ;
#41 = CARTESIAN_POINT ( 'NONE',  ( -1.200000000000000000, -7.443117626371360100, 1.899999999999999900 ) ) ;
#42 = DIRECTION ( 'NONE',  ( 1.000000000000000000, 0.0000000000000000000, -1.141265444721583800E-016 ) ) ;
#43 = DIRECTION ( 'NONE',  ( -1.141265444721583800E-016, 0.0000000000000000000, -1.000000000000000000 ) ) ;
#44 = CARTESIAN_POINT ( 'NONE',  ( -2.600000000000000100, 0.4500000000000000100, -1.399999999999999900 ) ) ;
#45 = CARTESIAN_POINT ( 'NONE',  ( -0.5000000000000000000, -0.8000000000000000400, -0.8499999999999999800 ) ) ;
#46 = FACE_OUTER_BOUND ( 'NONE', #1169, .T. ) ;
#47 = PLANE ( 'NONE',  #48 ) ;
#48 = AXIS2_PLACEMENT_3D ( 'NONE', #49, #50, #51 ) ;
#49 = CARTESIAN_POINT ( 'NONE',  ( 1.360000000000000100, 2.200000000000000200, -0.8499999999999999800 ) ) ;
#50 = DIRECTION ( 'NONE',  ( 1.000000000000000000, 0.0000000000000000000, -1.275531967630006000E-016 ) ) ;
#51 = DIRECTION ( 'NONE',  ( -1.275531967630006000E-016, 0.0000000000000000000, -1.000000000000000000 ) ) ;
#52 = LINE ( 'NONE', #53, #54 ) ;
#53 = CARTESIAN_POINT ( 'NONE',  ( -0.2400000000000000200, -0.05784098738882129800, 1.350000000000000100 ) ) ;
#54 = VECTOR ( 'NONE', #55, 1000.000000000000000 ) ;
#55 = DIRECTION ( 'NONE',  ( 0.0000000000000000000, 0.0000000000000000000, -1.000000000000000000 ) ) ;
#56 = LINE ( 'NONE', #57, #58 ) ;
#57 = CARTESIAN_POINT ( 'NONE',  ( -0.2400000000000000200, -0.8000000000000000400, -1.350000000000000100 ) ) ;
#58 = VECTOR ( 'NONE', #59, 1000.000000000000000 ) ;
#59 = DIRECTION ( 'NONE',  ( 0.0000000000000000000, 1.000000000000000000, 0.0000000000000000000 ) ) ;
#60 = LINE ( 'NONE', #61, #62 ) ;
#61 = CARTESIAN_POINT ( 'NONE',  ( 0.3600000000000000400, 2.200000000000000200, -0.8499999999999999800 ) ) ;
#62 = VECTOR ( 'NONE', #63, 1000.000000000000000 ) ;
#63 = DIRECTION ( 'NONE',  ( 0.0000000000000000000, 1.000000000000000000, 0.0000000000000000000 ) ) ;
#64 = CARTESIAN_POINT ( 'NONE',  ( -1.200000000000000000, 0.0000000000000000000, 1.899999999999999900 ) ) ;
#65 = LINE ( 'NONE', #66, #67 ) ;
#66 = CARTESIAN_POINT ( 'NONE',  ( 6.299999999999999800, 3.000000000000000000, 2.399999999999999900 ) ) ;
#67 = VECTOR ( 'NONE', #68, 1000.000000000000000 ) ;
#68 = DIRECTION ( 'NONE',  ( 0.0000000000000000000, -1.000000000000000000, 0.0000000000000000000 ) ) ;
#69 = ORIENTED_EDGE ( 'NONE', *, *, #189, .F. ) ;
#70 = CARTESIAN_POINT ( 'NONE',  ( 7.599999999999999600, 0.05000000000000000300, 0.8499999999999999800 ) ) ;
#71 = CARTESIAN_POINT ( 'NONE',  ( 6.599999999999999600, 0.4500000000000000100, -1.399999999999999900 ) ) ;
#72 = LINE ( 'NONE', #73, #74 ) ;
#73 = CARTESIAN_POINT ( 'NONE',  ( -2.299999999999999800, 1.100000000000000100, 0.4500000000000000100 ) ) ;
#74 = VECTOR ( 'NONE', #75, 1000.000000000000000 ) ;
#75 = DIRECTION ( 'NONE',  ( 0.0000000000000000000, 1.000000000000000000, 0.0000000000000000000 ) ) ;
#76 = LINE ( 'NONE', #77, #78 ) ;
#77 = CARTESIAN_POINT ( 'NONE',  ( -2.299999999999999800, 3.000000000000000000, -2.399999999999999900 ) ) ;
#78 = VECTOR ( 'NONE', #79, 1000.000000000000000 ) ;
#79 = DIRECTION ( 'NONE',  ( -1.000000000000000000, 0.0000000000000000000, 1.008560160451631900E-016 ) ) ;
#80 = FACE_OUTER_BOUND ( 'NONE', #238, .T. ) ;
#81 = COLOUR_RGB ( '',0.7490196078431372600, 0.7490196078431372600, 0.7490196078431372600 ) ;
#82 = FILL_AREA_STYLE_COLOUR ( '', #81 ) ;
#83 = FILL_AREA_STYLE ('',( #82 ) ) ;
#84 = SURFACE_STYLE_FILL_AREA ( #83 ) ;
#85 = SURFACE_SIDE_STYLE ('',( #84 ) ) ;
#86 = VERTEX_POINT ( 'NONE', #1866 ) ;
#87 = VERTEX_POINT ( 'NONE', #1867 ) ;
#88 = ORIENTED_EDGE ( 'NONE', *, *, #1922, .F. ) ;
#89 = SURFACE_STYLE_USAGE ( .BOTH. , #85 ) ;
#90 = PRESENTATION_STYLE_ASSIGNMENT (( #89 ) ) ;
#91 = STYLED_ITEM ( 'NONE', ( #90 ), #785 ) ;
#92 = PRESENTATION_LAYER_ASSIGNMENT (  '', '', ( #91 ) ) ;
#93 = MECHANICAL_DESIGN_GEOMETRIC_PRESENTATION_REPRESENTATION (  '', ( #91 ), #98 ) ;
#94 =( LENGTH_UNIT ( ) NAMED_UNIT ( * ) SI_UNIT ( .MILLI., .METRE. ) );
#95 =( NAMED_UNIT ( * ) PLANE_ANGLE_UNIT ( ) SI_UNIT ( $, .RADIAN. ) );
#96 =( NAMED_UNIT ( * ) SI_UNIT ( $, .STERADIAN. ) SOLID_ANGLE_UNIT ( ) );
#97 = UNCERTAINTY_MEASURE_WITH_UNIT (LENGTH_MEASURE( 1.000000000000000100E-005 ), #94, 'distance_accuracy_value', 'NONE');
#98 =( GEOMETRIC_REPRESENTATION_CONTEXT ( 3 ) GLOBAL_UNCERTAINTY_ASSIGNED_CONTEXT ( ( #97 ) ) GLOBAL_UNIT_ASSIGNED_CONTEXT ( ( #94, #95, #96 ) ) REPRESENTATION_CONTEXT ( 'NONE', 'WORKASPACE' ) );
#99 = PLANE ( 'NONE',  #100 ) ;
#100 = AXIS2_PLACEMENT_3D ( 'NONE', #101, #102, #103 ) ;
#101 = CARTESIAN_POINT ( 'NONE',  ( -3.600000000000000100, 0.4500000000000000100, -1.399999999999999900 ) ) ;
#102 = DIRECTION ( 'NONE',  ( 0.0000000000000000000, 0.0000000000000000000, -1.000000000000000000 ) ) ;
#103 = DIRECTION ( 'NONE',  ( -1.000000000000000000, 0.0000000000000000000, 0.0000000000000000000 ) ) ;
#104 = CARTESIAN_POINT ( 'NONE',  ( 6.299999999999999800, 0.1000000000000000100, 2.399999999999999900 ) ) ;
#105 = ORIENTED_EDGE ( 'NONE', *, *, #1714, .F. ) ;
#106 = LINE ( 'NONE', #107, #108 ) ;
#107 = CARTESIAN_POINT ( 'NONE',  ( -1.200000000000000000, 0.0000000000000000000, 1.899999999999999900 ) ) ;
#108 = VECTOR ( 'NONE', #109, 1000.000000000000000 ) ;
#109 = DIRECTION ( 'NONE',  ( 1.141265444721583800E-016, 0.0000000000000000000, 1.000000000000000000 ) ) ;
#110 = FACE_OUTER_BOUND ( 'NONE', #1726, .T. ) ;
#111 = PLANE ( 'NONE',  #112 ) ;
#112 = AXIS2_PLACEMENT_3D ( 'NONE', #113, #114, #115 ) ;
#113 = CARTESIAN_POINT ( 'NONE',  ( 0.2400000000000000200, -0.8000000000000000400, 1.350000000000000100 ) ) ;
#114 = DIRECTION ( 'NONE',  ( 1.000000000000000000, 0.0000000000000000000, 0.0000000000000000000 ) ) ;
#115 = DIRECTION ( 'NONE',  ( 0.0000000000000000000, 0.0000000000000000000, -1.000000000000000000 ) ) ;
#116 = FACE_OUTER_BOUND ( 'NONE', #1205, .T. ) ;
#117 = COLOUR_RGB ( '',0.7490196078431372600, 0.7490196078431372600, 0.7490196078431372600 ) ;
#118 = FILL_AREA_STYLE_COLOUR ( '', #117 ) ;
#119 = FILL_AREA_STYLE ('',( #118 ) ) ;
#120 = SURFACE_STYLE_FILL_AREA ( #119 ) ;
#121 = SURFACE_SIDE_STYLE ('',( #120 ) ) ;
#122 = ORIENTED_EDGE ( 'NONE', *, *, #1507, .T. ) ;
#123 = SURFACE_STYLE_USAGE ( .BOTH. , #121 ) ;
#124 = PRESENTATION_STYLE_ASSIGNMENT (( #123 ) ) ;
#125 = STYLED_ITEM ( 'NONE', ( #124 ), #940 ) ;
#126 = PRESENTATION_LAYER_ASSIGNMENT (  '', '', ( #125 ) ) ;
#127 = MECHANICAL_DESIGN_GEOMETRIC_PRESENTATION_REPRESENTATION (  '', ( #125 ), #132 ) ;
#128 =( LENGTH_UNIT ( ) NAMED_UNIT ( * ) SI_UNIT ( .MILLI., .METRE. ) );
#129 =( NAMED_UNIT ( * ) PLANE_ANGLE_UNIT ( ) SI_UNIT ( $, .RADIAN. ) );
#130 =( NAMED_UNIT ( * ) SI_UNIT ( $, .STERADIAN. ) SOLID_ANGLE_UNIT ( ) );
#131 = UNCERTAINTY_MEASURE_WITH_UNIT (LENGTH_MEASURE( 1.000000000000000100E-005 ), #128, 'distance_accuracy_value', 'NONE');
#132 =( GEOMETRIC_REPRESENTATION_CONTEXT ( 3 ) GLOBAL_UNCERTAINTY_ASSIGNED_CONTEXT ( ( #131 ) ) GLOBAL_UNIT_ASSIGNED_CONTEXT ( ( #128, #129, #130 ) ) REPRESENTATION_CONTEXT ( 'NONE', 'WORKASPACE' ) );
#133 = PLANE ( 'NONE',  #134 ) ;
#134 = AXIS2_PLACEMENT_3D ( 'NONE', #135, #136, #137 ) ;
#135 = CARTESIAN_POINT ( 'NONE',  ( -3.100000000000000100, 0.2999999999999999900, 0.4500000000000000100 ) ) ;
#136 = DIRECTION ( 'NONE',  ( 1.000000000000000000, 0.0000000000000000000, 0.0000000000000000000 ) ) ;
#137 = DIRECTION ( 'NONE',  ( 0.0000000000000000000, 0.0000000000000000000, -1.000000000000000000 ) ) ;
#138 = FACE_OUTER_BOUND ( 'NONE', #1522, .T. ) ;
#139 = PLANE ( 'NONE',  #140 ) ;
#140 = AXIS2_PLACEMENT_3D ( 'NONE', #141, #142, #143 ) ;
#141 = CARTESIAN_POINT ( 'NONE',  ( -0.2400000000000000200, -0.8000000000000000400, -0.8499999999999999800 ) ) ;
#142 = DIRECTION ( 'NONE',  ( -4.170008355713475200E-016, 0.0000000000000000000, -1.000000000000000000 ) ) ;
#143 = DIRECTION ( 'NONE',  ( -1.000000000000000000, 0.0000000000000000000, 4.170008355713475200E-016 ) ) ;
#144 = LINE ( 'NONE', #145, #146 ) ;
#145 = CARTESIAN_POINT ( 'NONE',  ( 5.200000000000000200, -7.443117626371360100, -1.899999999999999900 ) ) ;
#146 = VECTOR ( 'NONE', #147, 1000.000000000000000 ) ;
#147 = DIRECTION ( 'NONE',  ( 0.0000000000000000000, 1.000000000000000000, 0.0000000000000000000 ) ) ;
#148 = FACE_OUTER_BOUND ( 'NONE', #1283, .T. ) ;
#149 = PLANE ( 'NONE',  #150 ) ;
#150 = AXIS2_PLACEMENT_3D ( 'NONE', #151, #152, #153 ) ;
#151 = CARTESIAN_POINT ( 'NONE',  ( 1.100000000000000100, 2.200000000000000200, -1.350000000000000100 ) ) ;
#152 = DIRECTION ( 'NONE',  ( 1.000000000000000000, 0.0000000000000000000, 0.0000000000000000000 ) ) ;
#153 = DIRECTION ( 'NONE',  ( 0.0000000000000000000, 0.0000000000000000000, -1.000000000000000000 ) ) ;
#154 = LINE ( 'NONE', #157, #158 ) ;
#155 = EDGE_CURVE ( 'NONE', #1613, #2389, #1873, .T. ) ;
#156 = ORIENTED_EDGE ( 'NONE', *, *, #274, .T. ) ;
#157 = CARTESIAN_POINT ( 'NONE',  ( 1.100000000000000100, 3.000000000000000000, -1.350000000000000100 ) ) ;
#158 = VECTOR ( 'NONE', #159, 1000.000000000000000 ) ;
#159 = DIRECTION ( 'NONE',  ( 0.0000000000000000000, 0.0000000000000000000, -1.000000000000000000 ) ) ;
#160 = LINE ( 'NONE', #161, #162 ) ;
#161 = CARTESIAN_POINT ( 'NONE',  ( -1.200000000000000000, 0.0000000000000000000, -1.899999999999999900 ) ) ;
#162 = VECTOR ( 'NONE', #163, 1000.000000000000000 ) ;
#163 = DIRECTION ( 'NONE',  ( -1.000000000000000000, 0.0000000000000000000, -2.371692252312040000E-016 ) ) ;
#164 = LINE ( 'NONE', #165, #166 ) ;
#165 = CARTESIAN_POINT ( 'NONE',  ( 7.599999999999999600, 0.4500000000000000100, 0.8499999999999999800 ) ) ;
#166 = VECTOR ( 'NONE', #167, 1000.000000000000000 ) ;
#167 = DIRECTION ( 'NONE',  ( -1.927470528863119800E-016, 0.0000000000000000000, -1.000000000000000000 ) ) ;
#168 = LINE ( 'NONE', #169, #170 ) ;
#169 = CARTESIAN_POINT ( 'NONE',  ( -2.299999999999999800, 0.2999999999999999900, 0.8499999999999999800 ) ) ;
#170 = VECTOR ( 'NONE', #171, 1000.000000000000000 ) ;
#171 = DIRECTION ( 'NONE',  ( 1.000000000000000000, 2.032879073410319800E-016, 0.0000000000000000000 ) ) ;
#172 = LINE ( 'NONE', #173, #174 ) ;
#173 = CARTESIAN_POINT ( 'NONE',  ( -2.600000000000000100, 0.4500000000000000100, -0.2999999999999999900 ) ) ;
#174 = VECTOR ( 'NONE', #175, 1000.000000000000000 ) ;
#175 = DIRECTION ( 'NONE',  ( -1.000000000000000000, 0.0000000000000000000, 0.0000000000000000000 ) ) ;
#176 = FACE_OUTER_BOUND ( 'NONE', #858, .T. ) ;
#177 = PLANE ( 'NONE',  #178 ) ;
#178 = AXIS2_PLACEMENT_3D ( 'NONE', #179, #180, #181 ) ;
#179 = CARTESIAN_POINT ( 'NONE',  ( 4.000000000000000000, -0.5999999999999999800, 0.0000000000000000000 ) ) ;
#180 = DIRECTION ( 'NONE',  ( 0.0000000000000000000, 1.000000000000000000, 0.0000000000000000000 ) ) ;
#181 = DIRECTION ( 'NONE',  ( 0.0000000000000000000, 0.0000000000000000000, 1.000000000000000000 ) ) ;
#182 = LINE ( 'NONE', #183, #184 ) ;
#183 = CARTESIAN_POINT ( 'NONE',  ( 0.3600000000000000400, 2.200000000000000200, 0.8499999999999999800 ) ) ;
#184 = VECTOR ( 'NONE', #185, 1000.000000000000000 ) ;
#185 = DIRECTION ( 'NONE',  ( 1.000000000000000000, 0.0000000000000000000, 4.170008355713470200E-016 ) ) ;
#186 = CARTESIAN_POINT ( 'NONE',  ( -2.299999999999999800, 3.000000000000000000, -2.399999999999999900 ) ) ;
#187 = CIRCLE ( 'NONE', #188, 0.7800000000000000300 ) ;
#188 = AXIS2_PLACEMENT_3D ( 'NONE', #190, #191, #192 ) ;
#189 = EDGE_CURVE ( 'NONE', #1625, #1620, #1881, .T. ) ;
#190 = CARTESIAN_POINT ( 'NONE',  ( 3.252606517456515300E-016, -0.8000000000000000400, -0.8499999999999999800 ) ) ;
#191 = DIRECTION ( 'NONE',  ( 0.0000000000000000000, 0.0000000000000000000, -1.000000000000000000 ) ) ;
#192 = DIRECTION ( 'NONE',  ( -1.000000000000000000, 0.0000000000000000000, 0.0000000000000000000 ) ) ;
#193 = LINE ( 'NONE', #194, #195 ) ;
#194 = CARTESIAN_POINT ( 'NONE',  ( 6.299999999999999800, 1.100000000000000100, 0.4500000000000000100 ) ) ;
#195 = VECTOR ( 'NONE', #196, 1000.000000000000000 ) ;
#196 = DIRECTION ( 'NONE',  ( 0.0000000000000000000, 0.0000000000000000000, 1.000000000000000000 ) ) ;
#197 = LINE ( 'NONE', #198, #199 ) ;
#198 = CARTESIAN_POINT ( 'NONE',  ( 6.299999999999999800, 3.000000000000000000, -2.399999999999999900 ) ) ;
#199 = VECTOR ( 'NONE', #200, 1000.000000000000000 ) ;
#200 = DIRECTION ( 'NONE',  ( 0.0000000000000000000, -1.000000000000000000, 0.0000000000000000000 ) ) ;
#201 = LINE ( 'NONE', #202, #203 ) ;
#202 = CARTESIAN_POINT ( 'NONE',  ( 0.3600000000000000400, 3.000000000000000000, -0.8499999999999999800 ) ) ;
#203 = VECTOR ( 'NONE', #204, 1000.000000000000000 ) ;
#204 = DIRECTION ( 'NONE',  ( -1.275531967630006000E-016, 0.0000000000000000000, 1.000000000000000000 ) ) ;
#205 = LINE ( 'NONE', #206, #207 ) ;
#206 = CARTESIAN_POINT ( 'NONE',  ( 0.5000000000000000000, -0.8000000000000000400, 0.8499999999999999800 ) ) ;
#207 = VECTOR ( 'NONE', #208, 1000.000000000000000 ) ;
#208 = DIRECTION ( 'NONE',  ( 0.0000000000000000000, 1.000000000000000000, 0.0000000000000000000 ) ) ;
#209 = LINE ( 'NONE', #210, #211 ) ;
#210 = CARTESIAN_POINT ( 'NONE',  ( -3.600000000000000100, 1.100000000000000100, 0.8499999999999999800 ) ) ;
#211 = VECTOR ( 'NONE', #212, 1000.000000000000000 ) ;
#212 = DIRECTION ( 'NONE',  ( 0.0000000000000000000, -1.000000000000000000, 0.0000000000000000000 ) ) ;
#213 = LINE ( 'NONE', #214, #215 ) ;
#214 = CARTESIAN_POINT ( 'NONE',  ( 6.299999999999999800, 3.000000000000000000, -2.399999999999999900 ) ) ;
#215 = VECTOR ( 'NONE', #216, 1000.000000000000000 ) ;
#216 = DIRECTION ( 'NONE',  ( -1.807003620809174900E-016, 0.0000000000000000000, -1.000000000000000000 ) ) ;
#217 = FACE_OUTER_BOUND ( 'NONE', #813, .T. ) ;
#218 = CYLINDRICAL_SURFACE ( 'NONE', #219, 0.4749999999999999800 ) ;
#219 = AXIS2_PLACEMENT_3D ( 'NONE', #220, #221, #222 ) ;
#220 = CARTESIAN_POINT ( 'NONE',  ( 4.000000000000000000, -0.5999999999999999800, 0.0000000000000000000 ) ) ;
#221 = DIRECTION ( 'NONE',  ( 0.0000000000000000000, 1.000000000000000000, 0.0000000000000000000 ) ) ;
#222 = DIRECTION ( 'NONE',  ( 0.0000000000000000000, 0.0000000000000000000, 1.000000000000000000 ) ) ;
#223 = CIRCLE ( 'NONE', #224, 0.7800000000000000300 ) ;
#224 = AXIS2_PLACEMENT_3D ( 'NONE', #225, #226, #227 ) ;
#225 = CARTESIAN_POINT ( 'NONE',  ( 3.252606517456515300E-016, -0.8000000000000000400, -1.350000000000000100 ) ) ;
#226 = DIRECTION ( 'NONE',  ( 0.0000000000000000000, 0.0000000000000000000, -1.000000000000000000 ) ) ;
#227 = DIRECTION ( 'NONE',  ( -1.000000000000000000, 0.0000000000000000000, 0.0000000000000000000 ) ) ;
#228 = LINE ( 'NONE', #229, #230 ) ;
#229 = CARTESIAN_POINT ( 'NONE',  ( 7.599999999999999600, 1.100000000000000100, 0.4500000000000000100 ) ) ;
#230 = VECTOR ( 'NONE', #231, 1000.000000000000000 ) ;
#231 = DIRECTION ( 'NONE',  ( 0.0000000000000000000, -1.000000000000000000, 0.0000000000000000000 ) ) ;
#232 = LINE ( 'NONE', #233, #234 ) ;
#233 = CARTESIAN_POINT ( 'NONE',  ( -3.100000000000000100, 0.2999999999999999900, 0.8499999999999999800 ) ) ;
#234 = VECTOR ( 'NONE', #235, 1000.000000000000000 ) ;
#235 = DIRECTION ( 'NONE',  ( 0.0000000000000000000, 1.000000000000000000, 0.0000000000000000000 ) ) ;
#236 = LINE ( 'NONE', #237, #239 ) ;
#237 = CARTESIAN_POINT ( 'NONE',  ( -0.5000000000000000000, -0.8000000000000000400, 0.8499999999999999800 ) ) ;
#238 = EDGE_LOOP ( 'NONE', ( #661, #734, #711, #1750 ) ) ;
#239 = VECTOR ( 'NONE', #240, 1000.000000000000000 ) ;
#240 = DIRECTION ( 'NONE',  ( 1.275531967630004000E-016, 0.0000000000000000000, 1.000000000000000000 ) ) ;
#241 = LINE ( 'NONE', #242, #243 ) ;
#242 = CARTESIAN_POINT ( 'NONE',  ( 7.100000000000000500, 0.4500000000000000100, 0.8499999999999999800 ) ) ;
#243 = VECTOR ( 'NONE', #244, 1000.000000000000000 ) ;
#244 = DIRECTION ( 'NONE',  ( 3.771137991253930100E-016, 0.0000000000000000000, 1.000000000000000000 ) ) ;
#245 = CIRCLE ( 'NONE', #246, 0.4749999999999999800 ) ;
#246 = AXIS2_PLACEMENT_3D ( 'NONE', #247, #248, #249 ) ;
#247 = CARTESIAN_POINT ( 'NONE',  ( 0.0000000000000000000, -0.5999999999999999800, 0.0000000000000000000 ) ) ;
#248 = DIRECTION ( 'NONE',  ( 0.0000000000000000000, -1.000000000000000000, 0.0000000000000000000 ) ) ;
#249 = DIRECTION ( 'NONE',  ( 0.0000000000000000000, 0.0000000000000000000, -1.000000000000000000 ) ) ;
#250 = LINE ( 'NONE', #251, #252 ) ;
#251 = CARTESIAN_POINT ( 'NONE',  ( 1.100000000000000100, 3.000000000000000000, -0.8499999999999999800 ) ) ;
#252 = VECTOR ( 'NONE', #253, 1000.000000000000000 ) ;
#253 = DIRECTION ( 'NONE',  ( -1.000000000000000000, 0.0000000000000000000, -4.170008355713485000E-016 ) ) ;
#254 = LINE ( 'NONE', #255, #256 ) ;
#255 = CARTESIAN_POINT ( 'NONE',  ( -3.100000000000000100, 0.2999999999999999900, 0.4500000000000000100 ) ) ;
#256 = VECTOR ( 'NONE', #257, 1000.000000000000000 ) ;
#257 = DIRECTION ( 'NONE',  ( 0.0000000000000000000, 0.0000000000000000000, 1.000000000000000000 ) ) ;
#258 = LINE ( 'NONE', #259, #260 ) ;
#259 = CARTESIAN_POINT ( 'NONE',  ( -0.2400000000000000200, -0.8000000000000000400, 0.8499999999999999800 ) ) ;
#260 = VECTOR ( 'NONE', #261, 1000.000000000000000 ) ;
#261 = DIRECTION ( 'NONE',  ( 0.0000000000000000000, 1.000000000000000000, 0.0000000000000000000 ) ) ;
#262 = CARTESIAN_POINT ( 'NONE',  ( 6.299999999999999800, 3.000000000000000000, 2.399999999999999900 ) ) ;
#263 = LINE ( 'NONE', #264, #265 ) ;
#264 = CARTESIAN_POINT ( 'NONE',  ( 7.599999999999999600, 0.05000000000000000300, -1.399999999999999900 ) ) ;
#265 = VECTOR ( 'NONE', #266, 1000.000000000000000 ) ;
#266 = DIRECTION ( 'NONE',  ( -1.000000000000000000, 0.0000000000000000000, 0.0000000000000000000 ) ) ;
#267 = LINE ( 'NONE', #268, #269 ) ;
#268 = CARTESIAN_POINT ( 'NONE',  ( -1.200000000000000000, -7.443117626371360100, 1.899999999999999900 ) ) ;
#269 = VECTOR ( 'NONE', #270, 1000.000000000000000 ) ;
#270 = DIRECTION ( 'NONE',  ( 0.0000000000000000000, 1.000000000000000000, 0.0000000000000000000 ) ) ;
#271 = ORIENTED_EDGE ( 'NONE', *, *, #358, .T. ) ;
#272 = ORIENTED_EDGE ( 'NONE', *, *, #709, .F. ) ;
#273 = ORIENTED_EDGE ( 'NONE', *, *, #693, .T. ) ;
#274 = EDGE_CURVE ( 'NONE', #501, #1958, #1905, .T. ) ;
#275 = FACE_OUTER_BOUND ( 'NONE', #768, .T. ) ;
#276 = PLANE ( 'NONE',  #277 ) ;
#277 = AXIS2_PLACEMENT_3D ( 'NONE', #278, #279, #280 ) ;
#278 = CARTESIAN_POINT ( 'NONE',  ( 0.3600000000000000400, 2.200000000000000200, -0.8499999999999999800 ) ) ;
#279 = DIRECTION ( 'NONE',  ( -4.170008355713470200E-016, 0.0000000000000000000, -1.000000000000000000 ) ) ;
#280 = DIRECTION ( 'NONE',  ( -1.000000000000000000, 0.0000000000000000000, 4.170008355713470200E-016 ) ) ;
#281 = FACE_OUTER_BOUND ( 'NONE', #820, .T. ) ;
#282 = COLOUR_RGB ( '',0.7490196078431372600, 0.7490196078431372600, 0.7490196078431372600 ) ;
#283 = FILL_AREA_STYLE_COLOUR ( '', #282 ) ;
#284 = FILL_AREA_STYLE ('',( #283 ) ) ;
#285 = SURFACE_STYLE_FILL_AREA ( #284 ) ;
#286 = SURFACE_SIDE_STYLE ('',( #285 ) ) ;
#287 = SURFACE_STYLE_USAGE ( .BOTH. , #286 ) ;
#288 = PRESENTATION_STYLE_ASSIGNMENT (( #287 ) ) ;
#289 = STYLED_ITEM ( 'NONE', ( #288 ), #801 ) ;
#290 = PRESENTATION_LAYER_ASSIGNMENT (  '', '', ( #289 ) ) ;
#291 = EDGE_LOOP ( 'NONE', ( #1377, #1643, #1669, #1712 ) ) ;
#292 = MECHANICAL_DESIGN_GEOMETRIC_PRESENTATION_REPRESENTATION (  '', ( #289 ), #297 ) ;
#293 =( LENGTH_UNIT ( ) NAMED_UNIT ( * ) SI_UNIT ( .MILLI., .METRE. ) );
#294 =( NAMED_UNIT ( * ) PLANE_ANGLE_UNIT ( ) SI_UNIT ( $, .RADIAN. ) );
#295 =( NAMED_UNIT ( * ) SI_UNIT ( $, .STERADIAN. ) SOLID_ANGLE_UNIT ( ) );
#296 = UNCERTAINTY_MEASURE_WITH_UNIT (LENGTH_MEASURE( 1.000000000000000100E-005 ), #293, 'distance_accuracy_value', 'NONE');
#297 =( GEOMETRIC_REPRESENTATION_CONTEXT ( 3 ) GLOBAL_UNCERTAINTY_ASSIGNED_CONTEXT ( ( #296 ) ) GLOBAL_UNIT_ASSIGNED_CONTEXT ( ( #293, #294, #295 ) ) REPRESENTATION_CONTEXT ( 'NONE', 'WORKASPACE' ) );
#298 = PLANE ( 'NONE',  #299 ) ;
#299 = AXIS2_PLACEMENT_3D ( 'NONE', #300, #301, #302 ) ;
#300 = CARTESIAN_POINT ( 'NONE',  ( 7.599999999999999600, 0.4500000000000000100, -1.399999999999999900 ) ) ;
#301 = DIRECTION ( 'NONE',  ( 0.0000000000000000000, 0.0000000000000000000, 1.000000000000000000 ) ) ;
#302 = DIRECTION ( 'NONE',  ( 1.000000000000000000, 0.0000000000000000000, 0.0000000000000000000 ) ) ;
#303 = CARTESIAN_POINT ( 'NONE',  ( -1.200000000000000000, 0.0000000000000000000, -1.899999999999999900 ) ) ;
#304 = FACE_OUTER_BOUND ( 'NONE', #1716, .T. ) ;
#305 = PLANE ( 'NONE',  #306 ) ;
#306 = AXIS2_PLACEMENT_3D ( 'NONE', #307, #309, #310 ) ;
#307 = CARTESIAN_POINT ( 'NONE',  ( 0.3600000000000000400, 2.200000000000000200, 1.350000000000000100 ) ) ;
#308 = EDGE_CURVE ( 'NONE', #521, #1226, #1936, .T. ) ;
#309 = DIRECTION ( 'NONE',  ( 0.0000000000000000000, 1.000000000000000000, 0.0000000000000000000 ) ) ;
#310 = DIRECTION ( 'NONE',  ( 0.0000000000000000000, 0.0000000000000000000, 1.000000000000000000 ) ) ;
#311 = FACE_OUTER_BOUND ( 'NONE', #1717, .T. ) ;
#312 = COLOUR_RGB ( '',0.7490196078431372600, 0.7490196078431372600, 0.7490196078431372600 ) ;
#313 = FILL_AREA_STYLE_COLOUR ( '', #312 ) ;
#314 = FILL_AREA_STYLE ('',( #313 ) ) ;
#315 = SURFACE_STYLE_FILL_AREA ( #314 ) ;
#316 = SURFACE_SIDE_STYLE ('',( #315 ) ) ;
#317 = SURFACE_STYLE_USAGE ( .BOTH. , #316 ) ;
#318 = PRESENTATION_STYLE_ASSIGNMENT (( #317 ) ) ;
#319 = STYLED_ITEM ( 'NONE', ( #318 ), #1683 ) ;
#320 = PRESENTATION_LAYER_ASSIGNMENT (  '', '', ( #319 ) ) ;
#321 = MECHANICAL_DESIGN_GEOMETRIC_PRESENTATION_REPRESENTATION (  '', ( #319 ), #327 ) ;
#322 =( LENGTH_UNIT ( ) NAMED_UNIT ( * ) SI_UNIT ( .MILLI., .METRE. ) );
#323 =( NAMED_UNIT ( * ) PLANE_ANGLE_UNIT ( ) SI_UNIT ( $, .RADIAN. ) );
#324 =( NAMED_UNIT ( * ) SI_UNIT ( $, .STERADIAN. ) SOLID_ANGLE_UNIT ( ) );
#325 = ORIENTED_EDGE ( 'NONE', *, *, #1826, .F. ) ;
#326 = UNCERTAINTY_MEASURE_WITH_UNIT (LENGTH_MEASURE( 1.000000000000000100E-005 ), #322, 'distance_accuracy_value', 'NONE');
#327 =( GEOMETRIC_REPRESENTATION_CONTEXT ( 3 ) GLOBAL_UNCERTAINTY_ASSIGNED_CONTEXT ( ( #326 ) ) GLOBAL_UNIT_ASSIGNED_CONTEXT ( ( #322, #323, #324 ) ) REPRESENTATION_CONTEXT ( 'NONE', 'WORKASPACE' ) );
#328 = PLANE ( 'NONE',  #329 ) ;
#329 = AXIS2_PLACEMENT_3D ( 'NONE', #330, #331, #332 ) ;
#330 = CARTESIAN_POINT ( 'NONE',  ( -3.100000000000000100, 0.05000000000000000300, 0.4500000000000000100 ) ) ;
#331 = DIRECTION ( 'NONE',  ( 0.0000000000000000000, -1.000000000000000000, 0.0000000000000000000 ) ) ;
#332 = DIRECTION ( 'NONE',  ( 0.0000000000000000000, 0.0000000000000000000, -1.000000000000000000 ) ) ;
#333 = LINE ( 'NONE', #334, #335 ) ;
#334 = CARTESIAN_POINT ( 'NONE',  ( 5.200000000000000200, 0.0000000000000000000, 1.899999999999999900 ) ) ;
#335 = VECTOR ( 'NONE', #336, 1000.000000000000000 ) ;
#336 = DIRECTION ( 'NONE',  ( 4.565061778886340000E-016, 0.0000000000000000000, -1.000000000000000000 ) ) ;
#337 = LINE ( 'NONE', #338, #339 ) ;
#338 = CARTESIAN_POINT ( 'NONE',  ( -0.2400000000000000200, -0.8000000000000000400, 1.350000000000000100 ) ) ;
#339 = VECTOR ( 'NONE', #340, 1000.000000000000000 ) ;
#340 = DIRECTION ( 'NONE',  ( 0.0000000000000000000, 1.000000000000000000, 0.0000000000000000000 ) ) ;
#341 = CIRCLE ( 'NONE', #342, 0.8000000000000000400 ) ;
#342 = AXIS2_PLACEMENT_3D ( 'NONE', #343, #344, #345 ) ;
#343 = CARTESIAN_POINT ( 'NONE',  ( 3.252606517456515300E-016, -0.8000000000000000400, -0.8499999999999999800 ) ) ;
#344 = DIRECTION ( 'NONE',  ( -4.170008355713475200E-016, 0.0000000000000000000, -1.000000000000000000 ) ) ;
#345 = DIRECTION ( 'NONE',  ( -1.000000000000000000, 0.0000000000000000000, 4.065758146820641600E-016 ) ) ;
#346 = LINE ( 'NONE', #347, #348 ) ;
#347 = CARTESIAN_POINT ( 'NONE',  ( 0.6200000000000000000, 2.200000000000000200, -1.350000000000000100 ) ) ;
#348 = VECTOR ( 'NONE', #349, 1000.000000000000000 ) ;
#349 = DIRECTION ( 'NONE',  ( 1.517883041479705000E-015, 0.0000000000000000000, 1.000000000000000000 ) ) ;
#350 = LINE ( 'NONE', #351, #352 ) ;
#351 = CARTESIAN_POINT ( 'NONE',  ( 7.100000000000000500, 0.05000000000000000300, 0.8499999999999999800 ) ) ;
#352 = VECTOR ( 'NONE', #353, 1000.000000000000000 ) ;
#353 = DIRECTION ( 'NONE',  ( -1.000000000000000000, 0.0000000000000000000, 0.0000000000000000000 ) ) ;
#354 = CIRCLE ( 'NONE', #355, 0.4749999999999999800 ) ;
#355 = AXIS2_PLACEMENT_3D ( 'NONE', #356, #357, #359 ) ;
#356 = CARTESIAN_POINT ( 'NONE',  ( 0.0000000000000000000, 0.0000000000000000000, 0.0000000000000000000 ) ) ;
#357 = DIRECTION ( 'NONE',  ( 0.0000000000000000000, -1.000000000000000000, 0.0000000000000000000 ) ) ;
#358 = EDGE_CURVE ( 'NONE', #1526, #898, #1969, .T. ) ;
#359 = DIRECTION ( 'NONE',  ( 0.0000000000000000000, 0.0000000000000000000, 1.000000000000000000 ) ) ;
#360 = CARTESIAN_POINT ( 'NONE',  ( 1.100000000000000100, 3.000000000000000000, -0.8499999999999999800 ) ) ;
#361 = CIRCLE ( 'NONE', #362, 0.8000000000000000400 ) ;
#362 = AXIS2_PLACEMENT_3D ( 'NONE', #363, #364, #365 ) ;
#363 = CARTESIAN_POINT ( 'NONE',  ( 3.252606517456515300E-016, -0.8000000000000000400, 0.8499999999999999800 ) ) ;
#364 = DIRECTION ( 'NONE',  ( 0.0000000000000000000, 0.0000000000000000000, -1.000000000000000000 ) ) ;
#365 = DIRECTION ( 'NONE',  ( -1.000000000000000000, 0.0000000000000000000, 0.0000000000000000000 ) ) ;
#366 = CARTESIAN_POINT ( 'NONE',  ( 0.3600000000000000400, 3.000000000000000000, -0.8499999999999999800 ) ) ;
#367 = CARTESIAN_POINT ( 'NONE',  ( -3.100000000000000100, 0.2999999999999999900, 0.4500000000000000100 ) ) ;
#368 = CARTESIAN_POINT ( 'NONE',  ( 1.100000000000000100, 3.000000000000000000, -1.350000000000000100 ) ) ;
#369 = CARTESIAN_POINT ( 'NONE',  ( 0.2400000000000000200, -0.05784098738882090300, -1.350000000000000100 ) ) ;
#370 = CARTESIAN_POINT ( 'NONE',  ( -3.600000000000000100, 0.4500000000000000100, -1.399999999999999900 ) ) ;
#371 = CARTESIAN_POINT ( 'NONE',  ( -0.2400000000000000200, -0.05784098738882129800, -0.8499999999999999800 ) ) ;
#372 = LINE ( 'NONE', #373, #374 ) ;
#373 = CARTESIAN_POINT ( 'NONE',  ( -2.299999999999999800, 1.100000000000000100, 0.4500000000000000100 ) ) ;
#374 = VECTOR ( 'NONE', #376, 1000.000000000000000 ) ;
#375 = ADVANCED_FACE ( 'NONE', ( #1981 ), #1982, .T. ) ;
#376 = DIRECTION ( 'NONE',  ( -1.000000000000000000, -1.668003342285389800E-016, 0.0000000000000000000 ) ) ;
#377 = CARTESIAN_POINT ( 'NONE',  ( 6.299999999999999800, 1.100000000000000100, 0.8499999999999999800 ) ) ;
#378 = CARTESIAN_POINT ( 'NONE',  ( -3.600000000000000100, 1.100000000000000100, 0.8499999999999999800 ) ) ;
#379 = CARTESIAN_POINT ( 'NONE',  ( 6.299999999999999800, 3.000000000000000000, -2.399999999999999900 ) ) ;
#380 = FACE_OUTER_BOUND ( 'NONE', #2161, .T. ) ;
#381 = PLANE ( 'NONE',  #382 ) ;
#382 = AXIS2_PLACEMENT_3D ( 'NONE', #383, #384, #385 ) ;
#383 = CARTESIAN_POINT ( 'NONE',  ( -1.200000000000000000, -7.443117626371360100, -1.899999999999999900 ) ) ;
#384 = DIRECTION ( 'NONE',  ( -2.371692252312040000E-016, 0.0000000000000000000, 1.000000000000000000 ) ) ;
#385 = DIRECTION ( 'NONE',  ( 1.000000000000000000, 0.0000000000000000000, 2.371692252312040000E-016 ) ) ;
#386 = LINE ( 'NONE', #387, #388 ) ;
#387 = CARTESIAN_POINT ( 'NONE',  ( -2.600000000000000100, 0.05000000000000000300, -0.2999999999999999900 ) ) ;
#388 = VECTOR ( 'NONE', #389, 1000.000000000000000 ) ;
#389 = DIRECTION ( 'NONE',  ( -1.000000000000000000, 0.0000000000000000000, 0.0000000000000000000 ) ) ;
#390 = LINE ( 'NONE', #391, #395 ) ;
#391 = CARTESIAN_POINT ( 'NONE',  ( 0.6200000000000000000, 2.200000000000000200, -1.350000000000000100 ) ) ;
#392 = ORIENTED_EDGE ( 'NONE', *, *, #518, .F. ) ;
#393 = ORIENTED_EDGE ( 'NONE', *, *, #835, .T. ) ;
#394 = ORIENTED_EDGE ( 'NONE', *, *, #1670, .T. ) ;
#395 = VECTOR ( 'NONE', #396, 1000.000000000000000 ) ;
#396 = DIRECTION ( 'NONE',  ( -1.000000000000000000, 0.0000000000000000000, 0.0000000000000000000 ) ) ;
#397 = CARTESIAN_POINT ( 'NONE',  ( -0.2400000000000000200, -0.05784098738882129800, 0.8499999999999999800 ) ) ;
#398 = LINE ( 'NONE', #399, #400 ) ;
#399 = CARTESIAN_POINT ( 'NONE',  ( -2.600000000000000100, 0.4500000000000000100, -0.2999999999999999900 ) ) ;
#400 = VECTOR ( 'NONE', #401, 1000.000000000000000 ) ;
#401 = DIRECTION ( 'NONE',  ( 0.0000000000000000000, -1.000000000000000000, 0.0000000000000000000 ) ) ;
#402 = LINE ( 'NONE', #403, #404 ) ;
#403 = CARTESIAN_POINT ( 'NONE',  ( -0.2400000000000000200, -0.8000000000000000400, -0.8499999999999999800 ) ) ;
#404 = VECTOR ( 'NONE', #405, 1000.000000000000000 ) ;
#405 = DIRECTION ( 'NONE',  ( 0.0000000000000000000, 1.000000000000000000, 0.0000000000000000000 ) ) ;
#406 = LINE ( 'NONE', #407, #408 ) ;
#407 = CARTESIAN_POINT ( 'NONE',  ( 0.5000000000000000000, -0.8000000000000000400, 0.8499999999999999800 ) ) ;
#408 = VECTOR ( 'NONE', #409, 1000.000000000000000 ) ;
#409 = DIRECTION ( 'NONE',  ( 1.275531967630004000E-016, 0.0000000000000000000, -1.000000000000000000 ) ) ;
#410 = LINE ( 'NONE', #412, #413 ) ;
#411 = ADVANCED_FACE ( 'NONE', ( #1988 ), #1989, .F. ) ;
#412 = CARTESIAN_POINT ( 'NONE',  ( 0.6200000000000000000, 3.000000000000000000, -1.350000000000000100 ) ) ;
#413 = VECTOR ( 'NONE', #414, 1000.000000000000000 ) ;
#414 = DIRECTION ( 'NONE',  ( -1.000000000000000000, 0.0000000000000000000, 0.0000000000000000000 ) ) ;
#415 = CARTESIAN_POINT ( 'NONE',  ( -3.100000000000000100, 0.05000000000000000300, 0.8499999999999999800 ) ) ;
#416 = CARTESIAN_POINT ( 'NONE',  ( 7.100000000000000500, 0.4500000000000000100, -0.2999999999999999900 ) ) ;
#417 = LINE ( 'NONE', #418, #419 ) ;
#418 = CARTESIAN_POINT ( 'NONE',  ( 6.599999999999999600, 0.4500000000000000100, -0.2999999999999999900 ) ) ;
#419 = VECTOR ( 'NONE', #420, 1000.000000000000000 ) ;
#420 = DIRECTION ( 'NONE',  ( 1.000000000000000000, 0.0000000000000000000, 0.0000000000000000000 ) ) ;
#421 = CARTESIAN_POINT ( 'NONE',  ( 1.360000000000000100, 3.000000000000000000, -0.8499999999999999800 ) ) ;
#422 = LINE ( 'NONE', #423, #424 ) ;
#423 = CARTESIAN_POINT ( 'NONE',  ( -2.600000000000000100, 0.4500000000000000100, -0.2999999999999999900 ) ) ;
#424 = VECTOR ( 'NONE', #425, 1000.000000000000000 ) ;
#425 = DIRECTION ( 'NONE',  ( 3.942553354492745000E-016, 0.0000000000000000000, 1.000000000000000000 ) ) ;
#426 = CARTESIAN_POINT ( 'NONE',  ( 0.3600000000000000400, 3.000000000000000000, 0.8499999999999999800 ) ) ;
#427 = LINE ( 'NONE', #428, #429 ) ;
#428 = CARTESIAN_POINT ( 'NONE',  ( -2.299999999999999800, 0.1000000000000000100, 2.399999999999999900 ) ) ;
#429 = VECTOR ( 'NONE', #430, 1000.000000000000000 ) ;
#430 = DIRECTION ( 'NONE',  ( 1.000000000000000000, 0.0000000000000000000, 0.0000000000000000000 ) ) ;
#431 = FACE_OUTER_BOUND ( 'NONE', #1675, .T. ) ;
#432 = PLANE ( 'NONE',  #433 ) ;
#433 = AXIS2_PLACEMENT_3D ( 'NONE', #434, #435, #436 ) ;
#434 = CARTESIAN_POINT ( 'NONE',  ( 0.2400000000000000200, -0.8000000000000000400, -0.8499999999999999800 ) ) ;
#435 = DIRECTION ( 'NONE',  ( 1.000000000000000000, 0.0000000000000000000, 0.0000000000000000000 ) ) ;
#436 = DIRECTION ( 'NONE',  ( 0.0000000000000000000, 0.0000000000000000000, -1.000000000000000000 ) ) ;
#437 = LINE ( 'NONE', #438, #439 ) ;
#438 = CARTESIAN_POINT ( 'NONE',  ( 0.5000000000000000000, -0.8000000000000000400, -0.8499999999999999800 ) ) ;
#439 = VECTOR ( 'NONE', #440, 1000.000000000000000 ) ;
#440 = DIRECTION ( 'NONE',  ( 0.0000000000000000000, 1.000000000000000000, 0.0000000000000000000 ) ) ;
#441 = LINE ( 'NONE', #442, #443 ) ;
#442 = CARTESIAN_POINT ( 'NONE',  ( -0.5000000000000000000, -0.1755002001601605200, -1.918176202843110200 ) ) ;
#443 = VECTOR ( 'NONE', #447, 1000.000000000000000 ) ;
#444 = ORIENTED_EDGE ( 'NONE', *, *, #520, .F. ) ;
#445 = VERTEX_POINT ( 'NONE', #2036 ) ;
#446 = ORIENTED_EDGE ( 'NONE', *, *, #981, .T. ) ;
#447 = DIRECTION ( 'NONE',  ( 0.0000000000000000000, 0.0000000000000000000, 1.000000000000000000 ) ) ;
#448 = CARTESIAN_POINT ( 'NONE',  ( 5.200000000000000200, 0.0000000000000000000, 1.899999999999999900 ) ) ;
#449 = CARTESIAN_POINT ( 'NONE',  ( 0.6200000000000000000, 2.200000000000000200, -1.350000000000000100 ) ) ;
#450 = CARTESIAN_POINT ( 'NONE',  ( -0.2400000000000000200, -0.8000000000000000400, -0.8499999999999999800 ) ) ;
#451 = CARTESIAN_POINT ( 'NONE',  ( 7.100000000000000500, 0.05000000000000000300, 0.8499999999999999800 ) ) ;
#452 = LINE ( 'NONE', #453, #454 ) ;
#453 = CARTESIAN_POINT ( 'NONE',  ( 1.100000000000000100, 2.200000000000000200, -0.8499999999999999800 ) ) ;
#454 = VECTOR ( 'NONE', #455, 1000.000000000000000 ) ;
#455 = DIRECTION ( 'NONE',  ( 0.0000000000000000000, 1.000000000000000000, 0.0000000000000000000 ) ) ;
#456 = LINE ( 'NONE', #457, #458 ) ;
#457 = CARTESIAN_POINT ( 'NONE',  ( 1.100000000000000100, 3.000000000000000000, 0.8499999999999999800 ) ) ;
#458 = VECTOR ( 'NONE', #459, 1000.000000000000000 ) ;
#459 = DIRECTION ( 'NONE',  ( -4.336808689942015300E-016, 0.0000000000000000000, -1.000000000000000000 ) ) ;
#460 = CARTESIAN_POINT ( 'NONE',  ( 7.100000000000000500, 0.4500000000000000100, 0.4500000000000000100 ) ) ;
#461 = CARTESIAN_POINT ( 'NONE',  ( -2.299999999999999800, 1.100000000000000100, 0.4500000000000000100 ) ) ;
#462 = LINE ( 'NONE', #463, #464 ) ;
#463 = CARTESIAN_POINT ( 'NONE',  ( 7.599999999999999600, 1.100000000000000100, 0.4500000000000000100 ) ) ;
#464 = VECTOR ( 'NONE', #465, 1000.000000000000000 ) ;
#465 = DIRECTION ( 'NONE',  ( 0.0000000000000000000, 0.0000000000000000000, 1.000000000000000000 ) ) ;
#466 = CARTESIAN_POINT ( 'NONE',  ( 1.100000000000000100, 2.200000000000000200, -1.350000000000000100 ) ) ;
#467 = FACE_OUTER_BOUND ( 'NONE', #1612, .T. ) ;
#468 = CYLINDRICAL_SURFACE ( 'NONE', #469, 0.8000000000000000400 ) ;
#469 = AXIS2_PLACEMENT_3D ( 'NONE', #470, #471, #472 ) ;
#470 = CARTESIAN_POINT ( 'NONE',  ( 3.252606517456515300E-016, -0.8000000000000000400, -1.918176202843110200 ) ) ;
#471 = DIRECTION ( 'NONE',  ( 0.0000000000000000000, 0.0000000000000000000, 1.000000000000000000 ) ) ;
#472 = DIRECTION ( 'NONE',  ( 1.000000000000000000, 0.0000000000000000000, 0.0000000000000000000 ) ) ;
#473 = CIRCLE ( 'NONE', #474, 0.7800000000000000300 ) ;
#474 = AXIS2_PLACEMENT_3D ( 'NONE', #475, #476, #477 ) ;
#475 = CARTESIAN_POINT ( 'NONE',  ( 3.252606517456515300E-016, -0.8000000000000000400, 0.8499999999999999800 ) ) ;
#476 = DIRECTION ( 'NONE',  ( 0.0000000000000000000, 0.0000000000000000000, -1.000000000000000000 ) ) ;
#477 = DIRECTION ( 'NONE',  ( -1.000000000000000000, 0.0000000000000000000, 0.0000000000000000000 ) ) ;
#478 = LINE ( 'NONE', #482, #483 ) ;
#479 = ORIENTED_EDGE ( 'NONE', *, *, #696, .T. ) ;
#480 = ORIENTED_EDGE ( 'NONE', *, *, #627, .F. ) ;
#481 = ORIENTED_EDGE ( 'NONE', *, *, #900, .T. ) ;
#482 = CARTESIAN_POINT ( 'NONE',  ( 6.599999999999999600, 0.05000000000000000300, -0.2999999999999999900 ) ) ;
#483 = VECTOR ( 'NONE', #484, 1000.000000000000000 ) ;
#484 = DIRECTION ( 'NONE',  ( -3.942553354492745000E-016, 0.0000000000000000000, 1.000000000000000000 ) ) ;
#485 = CARTESIAN_POINT ( 'NONE',  ( -0.5000000000000000000, -0.1755002001601605200, -0.8499999999999999800 ) ) ;
#486 = FACE_OUTER_BOUND ( 'NONE', #791, .T. ) ;
#487 = COLOUR_RGB ( '',0.7490196078431372600, 0.7490196078431372600, 0.7490196078431372600 ) ;
#488 = FILL_AREA_STYLE_COLOUR ( '', #487 ) ;
#489 = FILL_AREA_STYLE ('',( #488 ) ) ;
#490 = SURFACE_STYLE_FILL_AREA ( #489 ) ;
#491 = SURFACE_SIDE_STYLE ('',( #490 ) ) ;
#492 = SURFACE_STYLE_USAGE ( .BOTH. , #491 ) ;
#493 = PRESENTATION_STYLE_ASSIGNMENT (( #492 ) ) ;
#494 = STYLED_ITEM ( 'NONE', ( #493 ), #1728 ) ;
#495 = PRESENTATION_LAYER_ASSIGNMENT (  '', '', ( #494 ) ) ;
#496 = MECHANICAL_DESIGN_GEOMETRIC_PRESENTATION_REPRESENTATION (  '', ( #494 ), #505 ) ;
#497 =( LENGTH_UNIT ( ) NAMED_UNIT ( * ) SI_UNIT ( .MILLI., .METRE. ) );
#498 = ORIENTED_EDGE ( 'NONE', *, *, #1854, .F. ) ;
#499 = ORIENTED_EDGE ( 'NONE', *, *, #698, .F. ) ;
#500 = ORIENTED_EDGE ( 'NONE', *, *, #1774, .T. ) ;
#501 = VERTEX_POINT ( 'NONE', #2081 ) ;
#502 =( NAMED_UNIT ( * ) PLANE_ANGLE_UNIT ( ) SI_UNIT ( $, .RADIAN. ) );
#503 =( NAMED_UNIT ( * ) SI_UNIT ( $, .STERADIAN. ) SOLID_ANGLE_UNIT ( ) );
#504 = UNCERTAINTY_MEASURE_WITH_UNIT (LENGTH_MEASURE( 1.000000000000000100E-005 ), #497, 'distance_accuracy_value', 'NONE');
#505 =( GEOMETRIC_REPRESENTATION_CONTEXT ( 3 ) GLOBAL_UNCERTAINTY_ASSIGNED_CONTEXT ( ( #504 ) ) GLOBAL_UNIT_ASSIGNED_CONTEXT ( ( #497, #502, #503 ) ) REPRESENTATION_CONTEXT ( 'NONE', 'WORKASPACE' ) );
#506 = PLANE ( 'NONE',  #507 ) ;
#507 = AXIS2_PLACEMENT_3D ( 'NONE', #508, #509, #510 ) ;
#508 = CARTESIAN_POINT ( 'NONE',  ( -3.600000000000000100, 0.05000000000000000300, 0.4500000000000000100 ) ) ;
#509 = DIRECTION ( 'NONE',  ( 0.0000000000000000000, 0.0000000000000000000, -1.000000000000000000 ) ) ;
#510 = DIRECTION ( 'NONE',  ( -1.000000000000000000, 0.0000000000000000000, 0.0000000000000000000 ) ) ;
#511 = CARTESIAN_POINT ( 'NONE',  ( 1.100000000000000100, 3.000000000000000000, 1.350000000000000100 ) ) ;
#512 = LINE ( 'NONE', #513, #514 ) ;
#513 = CARTESIAN_POINT ( 'NONE',  ( -3.600000000000000100, 1.100000000000000100, 0.4500000000000000100 ) ) ;
#514 = VECTOR ( 'NONE', #515, 1000.000000000000000 ) ;
#515 = DIRECTION ( 'NONE',  ( 0.0000000000000000000, -1.000000000000000000, 0.0000000000000000000 ) ) ;
#516 = LINE ( 'NONE', #517, #522 ) ;
#517 = CARTESIAN_POINT ( 'NONE',  ( 0.2400000000000000200, -0.8000000000000000400, 1.350000000000000100 ) ) ;
#518 = EDGE_CURVE ( 'NONE', #1790, #868, #2082, .T. ) ;
#519 = ADVANCED_FACE ( 'NONE', ( #2101, #2102 ), #2103, .F. ) ;
#520 = EDGE_CURVE ( 'NONE', #691, #764, #2108, .T. ) ;
#521 = VERTEX_POINT ( 'NONE', #2113 ) ;
#522 = VECTOR ( 'NONE', #523, 1000.000000000000000 ) ;
#523 = DIRECTION ( 'NONE',  ( 0.0000000000000000000, 1.000000000000000000, 0.0000000000000000000 ) ) ;
#524 = FACE_OUTER_BOUND ( 'NONE', #1759, .T. ) ;
#525 = PLANE ( 'NONE',  #526 ) ;
#526 = AXIS2_PLACEMENT_3D ( 'NONE', #527, #528, #529 ) ;
#527 = CARTESIAN_POINT ( 'NONE',  ( 1.100000000000000100, 2.200000000000000200, -0.8499999999999999800 ) ) ;
#528 = DIRECTION ( 'NONE',  ( 4.170008355713485000E-016, 0.0000000000000000000, -1.000000000000000000 ) ) ;
#529 = DIRECTION ( 'NONE',  ( -1.000000000000000000, 0.0000000000000000000, -4.170008355713485000E-016 ) ) ;
#530 = CARTESIAN_POINT ( 'NONE',  ( 7.599999999999999600, 1.100000000000000100, 0.8499999999999999800 ) ) ;
#531 = CARTESIAN_POINT ( 'NONE',  ( 0.2400000000000000200, -0.05784098738882090300, 0.8499999999999999800 ) ) ;
#532 = LINE ( 'NONE', #533, #534 ) ;
#533 = CARTESIAN_POINT ( 'NONE',  ( 0.6200000000000000000, 2.200000000000000200, -0.8499999999999999800 ) ) ;
#534 = VECTOR ( 'NONE', #535, 1000.000000000000000 ) ;
#535 = DIRECTION ( 'NONE',  ( 0.0000000000000000000, 1.000000000000000000, 0.0000000000000000000 ) ) ;
#536 = CARTESIAN_POINT ( 'NONE',  ( -0.2400000000000000200, -0.05784098738882129800, 1.350000000000000100 ) ) ;
#537 = CARTESIAN_POINT ( 'NONE',  ( 6.599999999999999600, 0.05000000000000000300, -1.399999999999999900 ) ) ;
#538 = FACE_OUTER_BOUND ( 'NONE', #1763, .T. ) ;
#539 = COLOUR_RGB ( '',0.7490196078431372600, 0.7490196078431372600, 0.7490196078431372600 ) ;
#540 = FILL_AREA_STYLE_COLOUR ( '', #539 ) ;
#541 = FILL_AREA_STYLE ('',( #540 ) ) ;
#542 = SURFACE_STYLE_FILL_AREA ( #541 ) ;
#543 = SURFACE_SIDE_STYLE ('',( #542 ) ) ;
#544 = SURFACE_STYLE_USAGE ( .BOTH. , #543 ) ;
#545 = PRESENTATION_STYLE_ASSIGNMENT (( #544 ) ) ;
#546 = STYLED_ITEM ( 'NONE', ( #545 ), #1740 ) ;
#547 = PRESENTATION_LAYER_ASSIGNMENT (  '', '', ( #546 ) ) ;
#548 = MECHANICAL_DESIGN_GEOMETRIC_PRESENTATION_REPRESENTATION (  '', ( #546 ), #553 ) ;
#549 =( LENGTH_UNIT ( ) NAMED_UNIT ( * ) SI_UNIT ( .MILLI., .METRE. ) );
#550 =( NAMED_UNIT ( * ) PLANE_ANGLE_UNIT ( ) SI_UNIT ( $, .RADIAN. ) );
#551 =( NAMED_UNIT ( * ) SI_UNIT ( $, .STERADIAN. ) SOLID_ANGLE_UNIT ( ) );
#552 = UNCERTAINTY_MEASURE_WITH_UNIT (LENGTH_MEASURE( 1.000000000000000100E-005 ), #549, 'distance_accuracy_value', 'NONE');
#553 =( GEOMETRIC_REPRESENTATION_CONTEXT ( 3 ) GLOBAL_UNCERTAINTY_ASSIGNED_CONTEXT ( ( #552 ) ) GLOBAL_UNIT_ASSIGNED_CONTEXT ( ( #549, #550, #551 ) ) REPRESENTATION_CONTEXT ( 'NONE', 'WORKASPACE' ) );
#554 = ADVANCED_FACE ( 'NONE', ( #2122 ), #2123, .T. ) ;
#555 = ORIENTED_EDGE ( 'NONE', *, *, #1770, .F. ) ;
#556 = VERTEX_POINT ( 'NONE', #2129 ) ;
#557 = PLANE ( 'NONE',  #558 ) ;
#558 = AXIS2_PLACEMENT_3D ( 'NONE', #559, #560, #561 ) ;
#559 = CARTESIAN_POINT ( 'NONE',  ( 7.100000000000000500, 0.2999999999999999900, 0.4500000000000000100 ) ) ;
#560 = DIRECTION ( 'NONE',  ( 1.000000000000000000, 0.0000000000000000000, 0.0000000000000000000 ) ) ;
#561 = DIRECTION ( 'NONE',  ( 0.0000000000000000000, 0.0000000000000000000, -1.000000000000000000 ) ) ;
#562 = CARTESIAN_POINT ( 'NONE',  ( 0.2400000000000000200, -0.8000000000000000400, 1.350000000000000100 ) ) ;
#563 = CARTESIAN_POINT ( 'NONE',  ( 0.2400000000000000200, -0.05784098738882090300, -0.8499999999999999800 ) ) ;
#564 = LINE ( 'NONE', #565, #566 ) ;
#565 = CARTESIAN_POINT ( 'NONE',  ( -3.600000000000000100, 0.4500000000000000100, -1.399999999999999900 ) ) ;
#566 = VECTOR ( 'NONE', #567, 1000.000000000000000 ) ;
#567 = DIRECTION ( 'NONE',  ( 0.0000000000000000000, -1.000000000000000000, 0.0000000000000000000 ) ) ;
#568 = LINE ( 'NONE', #569, #570 ) ;
#569 = CARTESIAN_POINT ( 'NONE',  ( -2.299999999999999800, 1.100000000000000100, 0.8499999999999999800 ) ) ;
#570 = VECTOR ( 'NONE', #571, 1000.000000000000000 ) ;
#571 = DIRECTION ( 'NONE',  ( 0.0000000000000000000, 1.000000000000000000, 0.0000000000000000000 ) ) ;
#572 = CARTESIAN_POINT ( 'NONE',  ( -0.5000000000000000000, -0.1755002001601605200, 0.8499999999999999800 ) ) ;
#573 = ORIENTED_EDGE ( 'NONE', *, *, #766, .T. ) ;
#574 = FACE_OUTER_BOUND ( 'NONE', #1815, .T. ) ;
#575 = CYLINDRICAL_SURFACE ( 'NONE', #576, 0.4749999999999999800 ) ;
#576 = AXIS2_PLACEMENT_3D ( 'NONE', #577, #578, #579 ) ;
#577 = CARTESIAN_POINT ( 'NONE',  ( 4.000000000000000000, -0.5999999999999999800, 0.0000000000000000000 ) ) ;
#578 = DIRECTION ( 'NONE',  ( 0.0000000000000000000, 1.000000000000000000, 0.0000000000000000000 ) ) ;
#579 = DIRECTION ( 'NONE',  ( 0.0000000000000000000, 0.0000000000000000000, 1.000000000000000000 ) ) ;
#580 = CARTESIAN_POINT ( 'NONE',  ( -3.600000000000000100, 1.100000000000000100, 0.4500000000000000100 ) ) ;
#581 = LINE ( 'NONE', #582, #583 ) ;
#582 = CARTESIAN_POINT ( 'NONE',  ( 6.299999999999999800, 0.2999999999999999900, 0.8499999999999999800 ) ) ;
#583 = VECTOR ( 'NONE', #584, 1000.000000000000000 ) ;
#584 = DIRECTION ( 'NONE',  ( -1.000000000000000000, 2.032879073410319800E-016, 0.0000000000000000000 ) ) ;
#585 = FACE_OUTER_BOUND ( 'NONE', #730, .T. ) ;
#586 = PLANE ( 'NONE',  #587 ) ;
#587 = AXIS2_PLACEMENT_3D ( 'NONE', #588, #589, #591 ) ;
#588 = CARTESIAN_POINT ( 'NONE',  ( 0.3600000000000000400, 2.200000000000000200, 0.8499999999999999800 ) ) ;
#589 = DIRECTION ( 'NONE',  ( -4.170008355713470200E-016, 0.0000000000000000000, 1.000000000000000000 ) ) ;
#590 = ADVANCED_FACE ( 'NONE', ( #2150 ), #2167, .F. ) ;
#591 = DIRECTION ( 'NONE',  ( 1.000000000000000000, 0.0000000000000000000, 4.170008355713470200E-016 ) ) ;
#592 =( LENGTH_UNIT ( ) NAMED_UNIT ( * ) SI_UNIT ( .MILLI., .METRE. ) );
#593 =( NAMED_UNIT ( * ) PLANE_ANGLE_UNIT ( ) SI_UNIT ( $, .RADIAN. ) );
#594 =( NAMED_UNIT ( * ) SI_UNIT ( $, .STERADIAN. ) SOLID_ANGLE_UNIT ( ) );
#595 = UNCERTAINTY_MEASURE_WITH_UNIT (LENGTH_MEASURE( 1.000000000000000100E-005 ), #592, 'distance_accuracy_value', 'NONE');
#596 =( GEOMETRIC_REPRESENTATION_CONTEXT ( 3 ) GLOBAL_UNCERTAINTY_ASSIGNED_CONTEXT ( ( #595 ) ) GLOBAL_UNIT_ASSIGNED_CONTEXT ( ( #592, #593, #594 ) ) REPRESENTATION_CONTEXT ( 'NONE', 'WORKASPACE' ) );
#597 = ADVANCED_BREP_SHAPE_REPRESENTATION ( '', ( #1492, #598 ), #596 ) ;
#598 = AXIS2_PLACEMENT_3D ( 'NONE', #599, #600, #601 ) ;
#599 = CARTESIAN_POINT ( 'NONE',  ( 0.0000000000000000000, 0.0000000000000000000, 0.0000000000000000000 ) ) ;
#600 = DIRECTION ( 'NONE',  ( 0.0000000000000000000, 0.0000000000000000000, 1.000000000000000000 ) ) ;
#601 = DIRECTION ( 'NONE',  ( 1.000000000000000000, 0.0000000000000000000, 0.0000000000000000000 ) ) ;
#602 = SHAPE_REPRESENTATION ( 'D2LS_21_20M_BASE', ( #598 ), #596 ) ;
#603 = SHAPE_REPRESENTATION_RELATIONSHIP ( 'NONE' , 'NONE' ,  #602, #597 ) ;
#604 =( LENGTH_UNIT ( ) NAMED_UNIT ( * ) SI_UNIT ( .MILLI., .METRE. ) );
#605 =( NAMED_UNIT ( * ) PLANE_ANGLE_UNIT ( ) SI_UNIT ( $, .RADIAN. ) );
#606 =( NAMED_UNIT ( * ) SI_UNIT ( $, .STERADIAN. ) SOLID_ANGLE_UNIT ( ) );
#607 = ORIENTED_EDGE ( 'NONE', *, *, #784, .F. ) ;
#608 = EDGE_CURVE ( 'NONE', #2213, #1697, #2182, .T. ) ;
#609 = ORIENTED_EDGE ( 'NONE', *, *, #1533, .T. ) ;
#610 = ORIENTED_EDGE ( 'NONE', *, *, #1724, .F. ) ;
#611 = UNCERTAINTY_MEASURE_WITH_UNIT (LENGTH_MEASURE( 1.000000000000000100E-005 ), #604, 'distance_accuracy_value', 'NONE');
#612 =( GEOMETRIC_REPRESENTATION_CONTEXT ( 3 ) GLOBAL_UNCERTAINTY_ASSIGNED_CONTEXT ( ( #611 ) ) GLOBAL_UNIT_ASSIGNED_CONTEXT ( ( #604, #605, #606 ) ) REPRESENTATION_CONTEXT ( 'NONE', 'WORKASPACE' ) );
#613 = ADVANCED_BREP_SHAPE_REPRESENTATION ( '', ( #1939, #598 ), #612 ) ;
#614 = SHAPE_REPRESENTATION ( 'D2LS_21_20M_BUTTON', ( #598 ), #612 ) ;
#615 = SHAPE_REPRESENTATION_RELATIONSHIP ( 'NONE' , 'NONE' ,  #614, #613 ) ;
#616 = SHAPE_REPRESENTATION ( 'D2LS_21_20M', ( #635, #621, #625 ), #634 ) ;
#617 = AXIS2_PLACEMENT_3D ( 'NONE', #618, #619, #620 ) ;
#618 = CARTESIAN_POINT ( 'NONE',  ( 0.0000000000000000000, 0.0000000000000000000, 0.0000000000000000000 ) ) ;
#619 = DIRECTION ( 'NONE',  ( 0.0000000000000000000, 0.0000000000000000000, 1.000000000000000000 ) ) ;
#620 = DIRECTION ( 'NONE',  ( 1.000000000000000000, 0.0000000000000000000, 0.0000000000000000000 ) ) ;
#621 = AXIS2_PLACEMENT_3D ( 'NONE', #622, #623, #624 ) ;
#622 = CARTESIAN_POINT ( 'NONE',  ( 0.8599999999999981000, 3.200000000000000200, -8.673617379884035500E-016 ) ) ;
#623 = DIRECTION ( 'NONE',  ( 0.0000000000000000000, 0.0000000000000000000, 1.000000000000000000 ) ) ;
#624 = DIRECTION ( 'NONE',  ( 1.000000000000000000, 0.0000000000000000000, 0.0000000000000000000 ) ) ;
#625 = AXIS2_PLACEMENT_3D ( 'NONE', #626, #628, #629 ) ;
#626 = CARTESIAN_POINT ( 'NONE',  ( 0.0000000000000000000, 0.0000000000000000000, 0.0000000000000000000 ) ) ;
#627 = EDGE_CURVE ( 'NONE', #802, #2043, #2195, .T. ) ;
#628 = DIRECTION ( 'NONE',  ( 0.0000000000000000000, 0.0000000000000000000, 1.000000000000000000 ) ) ;
#629 = DIRECTION ( 'NONE',  ( 1.000000000000000000, 0.0000000000000000000, 0.0000000000000000000 ) ) ;
#630 =( LENGTH_UNIT ( ) NAMED_UNIT ( * ) SI_UNIT ( .MILLI., .METRE. ) );
#631 =( NAMED_UNIT ( * ) PLANE_ANGLE_UNIT ( ) SI_UNIT ( $, .RADIAN. ) );
#632 =( NAMED_UNIT ( * ) SI_UNIT ( $, .STERADIAN. ) SOLID_ANGLE_UNIT ( ) );
#633 = UNCERTAINTY_MEASURE_WITH_UNIT (LENGTH_MEASURE( 1.000000000000000100E-005 ), #630, 'distance_accuracy_value', 'NONE');
#634 =( GEOMETRIC_REPRESENTATION_CONTEXT ( 3 ) GLOBAL_UNCERTAINTY_ASSIGNED_CONTEXT ( ( #633 ) ) GLOBAL_UNIT_ASSIGNED_CONTEXT ( ( #630, #631, #632 ) ) REPRESENTATION_CONTEXT ( 'NONE', 'WORKASPACE' ) );
#635 = AXIS2_PLACEMENT_3D ( 'NONE', #636, #637, #638 ) ;
#636 = CARTESIAN_POINT ( 'NONE',  ( 0.0000000000000000000, 0.0000000000000000000, 0.0000000000000000000 ) ) ;
#637 = DIRECTION ( 'NONE',  ( 0.0000000000000000000, 0.0000000000000000000, 1.000000000000000000 ) ) ;
#638 = DIRECTION ( 'NONE',  ( 1.000000000000000000, 0.0000000000000000000, 0.0000000000000000000 ) ) ;
#639 = APPLICATION_CONTEXT ( 'automotive_design' ) ;
#640 = APPLICATION_PROTOCOL_DEFINITION ( 'draft international standard', 'automotive_design', 1998, #639 ) ;
#641 = PRODUCT_CONTEXT ( 'NONE', #639, 'mechanical' ) ;
#642 = PRODUCT ( 'D2LS_21_20M', 'D2LS_21_20M', '', ( #641 ) ) ;
#643 = APPLICATION_CONTEXT ( 'automotive_design' ) ;
#644 = ORIENTED_EDGE ( 'NONE', *, *, #36, .T. ) ;
#645 = APPLICATION_PROTOCOL_DEFINITION ( 'draft international standard', 'automotive_design', 1998, #643 ) ;
#646 = PRODUCT_DEFINITION_CONTEXT ( 'detailed design', #643, 'design' ) ;
#647 = PRODUCT_DEFINITION ( 'UNKNOWN', '', #648, #646 ) ;
#648 = PRODUCT_DEFINITION_FORMATION_WITH_SPECIFIED_SOURCE ( 'ANY', '', #642, .NOT_KNOWN. ) ;
#649 = PRODUCT_RELATED_PRODUCT_CATEGORY ( 'part', '', ( #642 ) ) ;
#650 = PRODUCT_DEFINITION_SHAPE ( 'NONE', 'NONE',  #647 ) ;
#651 = SHAPE_DEFINITION_REPRESENTATION ( #650, #616 ) ;
#652 = APPLICATION_CONTEXT ( 'automotive_design' ) ;
#653 = APPLICATION_PROTOCOL_DEFINITION ( 'draft international standard', 'automotive_design', 1998, #652 ) ;
#654 = PRODUCT_CONTEXT ( 'NONE', #652, 'mechanical' ) ;
#655 = PRODUCT ( 'D2LS_21_20M_BUTTON', 'D2LS_21_20M_BUTTON', '', ( #654 ) ) ;
#656 = APPLICATION_CONTEXT ( 'automotive_design' ) ;
#657 = APPLICATION_PROTOCOL_DEFINITION ( 'draft international standard', 'automotive_design', 1998, #656 ) ;
#658 = PRODUCT_DEFINITION_CONTEXT ( 'detailed design', #656, 'design' ) ;
#659 = PRODUCT_DEFINITION ( 'UNKNOWN', '', #660, #658 ) ;
#660 = PRODUCT_DEFINITION_FORMATION_WITH_SPECIFIED_SOURCE ( 'ANY', '', #655, .NOT_KNOWN. ) ;
#661 = ORIENTED_EDGE ( 'NONE', *, *, #1506, .F. ) ;
#662 = ORIENTED_EDGE ( 'NONE', *, *, #693, .F. ) ;
#663 = PRODUCT_RELATED_PRODUCT_CATEGORY ( 'part', '', ( #655 ) ) ;
#664 = PRODUCT_DEFINITION_SHAPE ( 'NONE', 'NONE',  #659 ) ;
#665 = SHAPE_DEFINITION_REPRESENTATION ( #664, #614 ) ;
#666 = APPLICATION_CONTEXT ( 'automotive_design' ) ;
#667 = APPLICATION_PROTOCOL_DEFINITION ( 'draft international standard', 'automotive_design', 1998, #666 ) ;
#668 = PRODUCT_CONTEXT ( 'NONE', #666, 'mechanical' ) ;
#669 = PRODUCT ( 'D2LS_21_20M_BASE', 'D2LS_21_20M_BASE', '', ( #668 ) ) ;
#670 = APPLICATION_CONTEXT ( 'automotive_design' ) ;
#671 = APPLICATION_PROTOCOL_DEFINITION ( 'draft international standard', 'automotive_design', 1998, #670 ) ;
#672 = PRODUCT_DEFINITION_CONTEXT ( 'detailed design', #670, 'design' ) ;
#673 = PRODUCT_DEFINITION ( 'UNKNOWN', '', #674, #672 ) ;
#674 = PRODUCT_DEFINITION_FORMATION_WITH_SPECIFIED_SOURCE ( 'ANY', '', #669, .NOT_KNOWN. ) ;
#675 = PRODUCT_RELATED_PRODUCT_CATEGORY ( 'part', '', ( #669 ) ) ;
#676 = PRODUCT_DEFINITION_SHAPE ( 'NONE', 'NONE',  #673 ) ;
#677 = SHAPE_DEFINITION_REPRESENTATION ( #676, #602 ) ;
#678 = ITEM_DEFINED_TRANSFORMATION ( 'NONE', 'NONE', #621,  #598 ) ;
#679 =( REPRESENTATION_RELATIONSHIP ('NONE','NONE', #616, #614 ) REPRESENTATION_RELATIONSHIP_WITH_TRANSFORMATION ( #678 )SHAPE_REPRESENTATION_RELATIONSHIP( ) );
#680 = PRODUCT_DEFINITION_SHAPE ( 'NONE', 'NONE',  #681 ) ;
#681 = NEXT_ASSEMBLY_USAGE_OCCURRENCE ( 'NAUO1', ' ', ' ', #647, #659, $ ) ;
#682 = CONTEXT_DEPENDENT_SHAPE_REPRESENTATION ( #679, #680 ) ;
#683 = ITEM_DEFINED_TRANSFORMATION ( 'NONE', 'NONE', #625,  #598 ) ;
#684 =( REPRESENTATION_RELATIONSHIP ('NONE','NONE', #616, #602 ) REPRESENTATION_RELATIONSHIP_WITH_TRANSFORMATION ( #683 )SHAPE_REPRESENTATION_RELATIONSHIP( ) );
#685 = PRODUCT_DEFINITION_SHAPE ( 'NONE', 'NONE',  #686 ) ;
#686 = NEXT_ASSEMBLY_USAGE_OCCURRENCE ( 'NAUO2', ' ', ' ', #647, #673, $ ) ;
#687 = CONTEXT_DEPENDENT_SHAPE_REPRESENTATION ( #684, #685 ) ;
#688 = ORIENTED_EDGE ( 'NONE', *, *, #695, .F. ) ;
#689 = ORIENTED_EDGE ( 'NONE', *, *, #701, .F. ) ;
#690 = ORIENTED_EDGE ( 'NONE', *, *, #725, .T. ) ;
#691 = VERTEX_POINT ( 'NONE', #2292 ) ;
#692 = ORIENTED_EDGE ( 'NONE', *, *, #709, .T. ) ;
#693 = EDGE_CURVE ( 'NONE', #723, #1705, #2301, .T. ) ;
#694 = ORIENTED_EDGE ( 'NONE', *, *, #358, .F. ) ;
#695 = EDGE_CURVE ( 'NONE', #724, #1704, #2307, .T. ) ;
#696 = EDGE_CURVE ( 'NONE', #86, #1584, #2312, .T. ) ;
#697 = ORIENTED_EDGE ( 'NONE', *, *, #1768, .F. ) ;
#698 = EDGE_CURVE ( 'NONE', #86, #1776, #2322, .T. ) ;
#699 = VERTEX_POINT ( 'NONE', #2326 ) ;
#700 = ADVANCED_FACE ( 'NONE', ( #2327 ), #2346, .T. ) ;
#701 = EDGE_CURVE ( 'NONE', #726, #1771, #2351, .T. ) ;
#702 = EDGE_LOOP ( 'NONE', ( #2337, #1663, #1994, #923 ) ) ;
#703 = EDGE_CURVE ( 'NONE', #556, #1737, #2361, .T. ) ;
#704 = EDGE_LOOP ( 'NONE', ( #610, #713, #882, #481 ) ) ;
#705 = EDGE_LOOP ( 'NONE', ( #1528, #1134, #1455, #1729 ) ) ;
#706 = ORIENTED_EDGE ( 'NONE', *, *, #1742, .T. ) ;
#707 = ADVANCED_FACE ( 'NONE', ( #2382 ), #2401, .T. ) ;
#708 = ORIENTED_EDGE ( 'NONE', *, *, #736, .F. ) ;
#709 = EDGE_CURVE ( 'NONE', #1495, #733, #929, .T. ) ;
#710 = ORIENTED_EDGE ( 'NONE', *, *, #737, .F. ) ;
#711 = ORIENTED_EDGE ( 'NONE', *, *, #722, .T. ) ;
#712 = EDGE_LOOP ( 'NONE', ( #1732, #1769, #1806, #807, #838, #781 ) ) ;
#713 = ORIENTED_EDGE ( 'NONE', *, *, #1654, .F. ) ;
#714 = ORIENTED_EDGE ( 'NONE', *, *, #727, .F. ) ;
#715 = ORIENTED_EDGE ( 'NONE', *, *, #893, .F. ) ;
#716 = ORIENTED_EDGE ( 'NONE', *, *, #1642, .T. ) ;
#717 = ORIENTED_EDGE ( 'NONE', *, *, #722, .F. ) ;
#718 = ORIENTED_EDGE ( 'NONE', *, *, #732, .T. ) ;
#719 = ORIENTED_EDGE ( 'NONE', *, *, #1686, .F. ) ;
#720 = ORIENTED_EDGE ( 'NONE', *, *, #908, .T. ) ;
#721 = ADVANCED_FACE ( 'NONE', ( #985 ), #986, .T. ) ;
#722 = EDGE_CURVE ( 'NONE', #808, #1651, #1015, .T. ) ;
#723 = VERTEX_POINT ( 'NONE', #1021 ) ;
#724 = VERTEX_POINT ( 'NONE', #1022 ) ;
#725 = EDGE_CURVE ( 'NONE', #1697, #1736, #1031, .T. ) ;
#726 = VERTEX_POINT ( 'NONE', #1072 ) ;
#727 = EDGE_CURVE ( 'NONE', #2389, #501, #1073, .T. ) ;
#728 = ORIENTED_EDGE ( 'NONE', *, *, #1188, .F. ) ;
#729 = ORIENTED_EDGE ( 'NONE', *, *, #738, .T. ) ;
#730 = EDGE_LOOP ( 'NONE', ( #1855, #2143, #2178, #1320 ) ) ;
#731 = ORIENTED_EDGE ( 'NONE', *, *, #742, .F. ) ;
#732 = EDGE_CURVE ( 'NONE', #752, #808, #1107, .T. ) ;
#733 = VERTEX_POINT ( 'NONE', #1114 ) ;
#734 = ORIENTED_EDGE ( 'NONE', *, *, #844, .F. ) ;
#735 = EDGE_LOOP ( 'NONE', ( #1644, #1682, #1653, #609 ) ) ;
#736 = EDGE_CURVE ( 'NONE', #750, #1713, #1154, .T. ) ;
#737 = EDGE_CURVE ( 'NONE', #754, #445, #1158, .T. ) ;
#738 = EDGE_CURVE ( 'NONE', #521, #752, #1162, .T. ) ;
#739 = ORIENTED_EDGE ( 'NONE', *, *, #980, .T. ) ;
#740 = ADVANCED_FACE ( 'NONE', ( #1174 ), #1193, .F. ) ;
#741 = VERTEX_POINT ( 'NONE', #1198 ) ;
#742 = EDGE_CURVE ( 'NONE', #1226, #1624, #1204, .T. ) ;
#743 = EDGE_CURVE ( 'NONE', #1710, #2317, #1266, .T. ) ;
#744 = EDGE_CURVE ( 'NONE', #1713, #760, #1275, .T. ) ;
#745 = ORIENTED_EDGE ( 'NONE', *, *, #759, .F. ) ;
#746 = ORIENTED_EDGE ( 'NONE', *, *, #1664, .T. ) ;
#747 = ORIENTED_EDGE ( 'NONE', *, *, #732, .F. ) ;
#748 = ORIENTED_EDGE ( 'NONE', *, *, #1629, .F. ) ;
#749 = ORIENTED_EDGE ( 'NONE', *, *, #1092, .F. ) ;
#750 = VERTEX_POINT ( 'NONE', #1345 ) ;
#751 = ORIENTED_EDGE ( 'NONE', *, *, #1554, .T. ) ;
#752 = VERTEX_POINT ( 'NONE', #1354 ) ;
#753 = EDGE_LOOP ( 'NONE', ( #444, #788, #1091, #1801 ) ) ;
#754 = VERTEX_POINT ( 'NONE', #1362 ) ;
#755 = ORIENTED_EDGE ( 'NONE', *, *, #766, .F. ) ;
#756 = EDGE_CURVE ( 'NONE', #1246, #842, #1390, .T. ) ;
#757 = ORIENTED_EDGE ( 'NONE', *, *, #1533, .F. ) ;
#758 = EDGE_LOOP ( 'NONE', ( #690, #1509, #1573, #394 ) ) ;
#759 = EDGE_CURVE ( 'NONE', #1525, #1956, #1434, .T. ) ;
#760 = VERTEX_POINT ( 'NONE', #1441 ) ;
#761 = ORIENTED_EDGE ( 'NONE', *, *, #770, .F. ) ;
#762 = ORIENTED_EDGE ( 'NONE', *, *, #1699, .T. ) ;
#763 = EDGE_CURVE ( 'NONE', #1807, #1741, #1442, .T. ) ;
#764 = VERTEX_POINT ( 'NONE', #1450 ) ;
#765 = ADVANCED_FACE ( 'NONE', ( #1451, #1452, #1453 ), #1456, .F. ) ;
#766 = EDGE_CURVE ( 'NONE', #1583, #1704, #1478, .T. ) ;
#767 = ORIENTED_EDGE ( 'NONE', *, *, #1225, .T. ) ;
#768 = EDGE_LOOP ( 'NONE', ( #815, #830, #1746, #1707 ) ) ;
#769 = ORIENTED_EDGE ( 'NONE', *, *, #782, .F. ) ;
#770 = EDGE_CURVE ( 'NONE', #792, #1525, #9, .T. ) ;
#771 = ORIENTED_EDGE ( 'NONE', *, *, #787, .F. ) ;
#772 = VERTEX_POINT ( 'NONE', #13 ) ;
#773 = ORIENTED_EDGE ( 'NONE', *, *, #1494, .T. ) ;
#774 = ORIENTED_EDGE ( 'NONE', *, *, #1056, .T. ) ;
#775 = ADVANCED_FACE ( 'NONE', ( #15 ), #32, .F. ) ;
#776 = ADVANCED_FACE ( 'NONE', ( #38 ), #39, .F. ) ;
#777 = ORIENTED_EDGE ( 'NONE', *, *, #1636, .F. ) ;
#778 = ORIENTED_EDGE ( 'NONE', *, *, #520, .T. ) ;
#779 = ORIENTED_EDGE ( 'NONE', *, *, #627, .T. ) ;
#780 = ORIENTED_EDGE ( 'NONE', *, *, #1686, .T. ) ;
#781 = ORIENTED_EDGE ( 'NONE', *, *, #744, .F. ) ;
#782 = EDGE_CURVE ( 'NONE', #1624, #1720, #72, .T. ) ;
#783 = ORIENTED_EDGE ( 'NONE', *, *, #794, .F. ) ;
#784 = EDGE_CURVE ( 'NONE', #809, #792, #76, .T. ) ;
#785 = ADVANCED_FACE ( 'NONE', ( #80 ), #99, .T. ) ;
#786 = ORIENTED_EDGE ( 'NONE', *, *, #743, .F. ) ;
#787 = EDGE_CURVE ( 'NONE', #802, #1655, #106, .T. ) ;
#788 = ORIENTED_EDGE ( 'NONE', *, *, #1547, .T. ) ;
#789 = ORIENTED_EDGE ( 'NONE', *, *, #2, .F. ) ;
#790 = ORIENTED_EDGE ( 'NONE', *, *, #812, .F. ) ;
#791 = EDGE_LOOP ( 'NONE', ( #1767, #729, #827, #1572, #769, #731 ) ) ;
#792 = VERTEX_POINT ( 'NONE', #186 ) ;
#793 = ORIENTED_EDGE ( 'NONE', *, *, #763, .T. ) ;
#794 = EDGE_CURVE ( 'NONE', #809, #1818, #197, .T. ) ;
#795 = EDGE_CURVE ( 'NONE', #805, #817, #201, .T. ) ;
#796 = ORIENTED_EDGE ( 'NONE', *, *, #1808, .F. ) ;
#797 = ADVANCED_FACE ( 'NONE', ( #217 ), #218, .T. ) ;
#798 = ORIENTED_EDGE ( 'NONE', *, *, #908, .F. ) ;
#799 = EDGE_LOOP ( 'NONE', ( #1132, #1398, #1606, #1623, #1715, #1730, #1800, #1829 ) ) ;
#800 = ORIENTED_EDGE ( 'NONE', *, *, #811, .T. ) ;
#801 = ADVANCED_FACE ( 'NONE', ( #281 ), #298, .F. ) ;
#802 = VERTEX_POINT ( 'NONE', #303 ) ;
#803 = ORIENTED_EDGE ( 'NONE', *, *, #1531, .F. ) ;
#804 = ORIENTED_EDGE ( 'NONE', *, *, #1618, .F. ) ;
#805 = VERTEX_POINT ( 'NONE', #366 ) ;
#806 = VERTEX_POINT ( 'NONE', #368 ) ;
#807 = ORIENTED_EDGE ( 'NONE', *, *, #608, .F. ) ;
#808 = VERTEX_POINT ( 'NONE', #370 ) ;
#809 = VERTEX_POINT ( 'NONE', #379 ) ;
#810 = ADVANCED_FACE ( 'NONE', ( #380 ), #381, .F. ) ;
#811 = EDGE_CURVE ( 'NONE', #1578, #724, #386, .T. ) ;
#812 = EDGE_CURVE ( 'NONE', #823, #1436, #390, .T. ) ;
#813 = EDGE_LOOP ( 'NONE', ( #848, #69, #644, #2233 ) ) ;
#814 = ORIENTED_EDGE ( 'NONE', *, *, #818, .F. ) ;
#815 = ORIENTED_EDGE ( 'NONE', *, *, #1749, .T. ) ;
#816 = ORIENTED_EDGE ( 'NONE', *, *, #1547, .F. ) ;
#817 = VERTEX_POINT ( 'NONE', #426 ) ;
#818 = EDGE_CURVE ( 'NONE', #828, #846, #441, .T. ) ;
#819 = ORIENTED_EDGE ( 'NONE', *, *, #795, .F. ) ;
#820 = EDGE_LOOP ( 'NONE', ( #1437, #1521, #19, #1798 ) ) ;
#821 = EDGE_CURVE ( 'NONE', #834, #1603, #456, .T. ) ;
#822 = ORIENTED_EDGE ( 'NONE', *, *, #1702, .F. ) ;
#823 = VERTEX_POINT ( 'NONE', #466 ) ;
#824 = EDGE_LOOP ( 'NONE', ( #1672, #1550, #1756, #1018, #857, #1610 ) ) ;
#825 = EDGE_LOOP ( 'NONE', ( #392, #697 ) ) ;
#826 = ORIENTED_EDGE ( 'NONE', *, *, #1766, .F. ) ;
#827 = ORIENTED_EDGE ( 'NONE', *, *, #835, .F. ) ;
#828 = VERTEX_POINT ( 'NONE', #485 ) ;
#829 = ORIENTED_EDGE ( 'NONE', *, *, #1661, .F. ) ;
#830 = ORIENTED_EDGE ( 'NONE', *, *, #916, .F. ) ;
#831 = ORIENTED_EDGE ( 'NONE', *, *, #844, .T. ) ;
#832 = ORIENTED_EDGE ( 'NONE', *, *, #2388, .F. ) ;
#833 = ORIENTED_EDGE ( 'NONE', *, *, #836, .T. ) ;
#834 = VERTEX_POINT ( 'NONE', #511 ) ;
#835 = EDGE_CURVE ( 'NONE', #849, #752, #512, .T. ) ;
#836 = EDGE_CURVE ( 'NONE', #1741, #1803, #516, .T. ) ;
#837 = ORIENTED_EDGE ( 'NONE', *, *, #2214, .F. ) ;
#838 = ORIENTED_EDGE ( 'NONE', *, *, #1745, .F. ) ;
#839 = VERTEX_POINT ( 'NONE', #536 ) ;
#840 = ORIENTED_EDGE ( 'NONE', *, *, #961, .F. ) ;
#841 = ORIENTED_EDGE ( 'NONE', *, *, #695, .T. ) ;
#842 = VERTEX_POINT ( 'NONE', #563 ) ;
#843 = EDGE_LOOP ( 'NONE', ( #780, #1646, #1671, #1529 ) ) ;
#844 = EDGE_CURVE ( 'NONE', #808, #1563, #564, .T. ) ;
#845 = ORIENTED_EDGE ( 'NONE', *, *, #860, .T. ) ;
#846 = VERTEX_POINT ( 'NONE', #572 ) ;
#847 = ADVANCED_FACE ( 'NONE', ( #574 ), #575, .T. ) ;
#848 = ORIENTED_EDGE ( 'NONE', *, *, #861, .F. ) ;
#849 = VERTEX_POINT ( 'NONE', #580 ) ;
#850 = ORIENTED_EDGE ( 'NONE', *, *, #1058, .F. ) ;
#851 = ORIENTED_EDGE ( 'NONE', *, *, #1640, .F. ) ;
#852 = EDGE_LOOP ( 'NONE', ( #872, #1622, #1693, #762 ) ) ;
#853 = ADVANCED_FACE ( 'NONE', ( #2009 ), #2010, .F. ) ;
#854 = ORIENTED_EDGE ( 'NONE', *, *, #861, .T. ) ;
#855 = ORIENTED_EDGE ( 'NONE', *, *, #860, .F. ) ;
#856 = ORIENTED_EDGE ( 'NONE', *, *, #863, .F. ) ;
#857 = ORIENTED_EDGE ( 'NONE', *, *, #865, .T. ) ;
#858 = EDGE_LOOP ( 'NONE', ( #874, #1615 ) ) ;
#859 = ORIENTED_EDGE ( 'NONE', *, *, #1094, .T. ) ;
#860 = EDGE_CURVE ( 'NONE', #869, #1246, #2146, .T. ) ;
#861 = EDGE_CURVE ( 'NONE', #1620, #868, #2172, .T. ) ;
#862 = ORIENTED_EDGE ( 'NONE', *, *, #1703, .T. ) ;
#863 = EDGE_CURVE ( 'NONE', #1620, #1625, #2229, .T. ) ;
#864 = ORIENTED_EDGE ( 'NONE', *, *, #1500, .F. ) ;
#865 = EDGE_CURVE ( 'NONE', #885, #1588, #2245, .T. ) ;
#866 = ORIENTED_EDGE ( 'NONE', *, *, #884, .F. ) ;
#867 = ORIENTED_EDGE ( 'NONE', *, *, #787, .T. ) ;
#868 = VERTEX_POINT ( 'NONE', #2320 ) ;
#869 = VERTEX_POINT ( 'NONE', #2321 ) ;
#870 = ADVANCED_FACE ( 'NONE', ( #2365 ), #2366, .F. ) ;
#871 = EDGE_CURVE ( 'NONE', #878, #823, #2371, .T. ) ;
#872 = ORIENTED_EDGE ( 'NONE', *, *, #1549, .F. ) ;
#873 = EDGE_CURVE ( 'NONE', #2232, #885, #950, .T. ) ;
#874 = ORIENTED_EDGE ( 'NONE', *, *, #189, .T. ) ;
#875 = ORIENTED_EDGE ( 'NONE', *, *, #980, .F. ) ;
#876 = ORIENTED_EDGE ( 'NONE', *, *, #884, .T. ) ;
#877 = ORIENTED_EDGE ( 'NONE', *, *, #887, .F. ) ;
#878 = VERTEX_POINT ( 'NONE', #1071 ) ;
#879 = ORIENTED_EDGE ( 'NONE', *, *, #756, .T. ) ;
#880 = ORIENTED_EDGE ( 'NONE', *, *, #1505, .F. ) ;
#881 = EDGE_LOOP ( 'NONE', ( #877, #905 ) ) ;
#882 = ORIENTED_EDGE ( 'NONE', *, *, #1762, .T. ) ;
#883 = ORIENTED_EDGE ( 'NONE', *, *, #1131, .T. ) ;
#884 = EDGE_CURVE ( 'NONE', #733, #869, #1115, .T. ) ;
#885 = VERTEX_POINT ( 'NONE', #1123 ) ;
#886 = EDGE_LOOP ( 'NONE', ( #1545, #1598, #710, #895 ) ) ;
#887 = EDGE_CURVE ( 'NONE', #1765, #1574, #1125, .T. ) ;
#888 = ORIENTED_EDGE ( 'NONE', *, *, #763, .F. ) ;
#889 = ORIENTED_EDGE ( 'NONE', *, *, #909, .T. ) ;
#890 = ADVANCED_FACE ( 'NONE', ( #1258 ), #1259, .T. ) ;
#891 = ORIENTED_EDGE ( 'NONE', *, *, #1633, .T. ) ;
#892 = EDGE_LOOP ( 'NONE', ( #816, #960, #912, #1152 ) ) ;
#893 = EDGE_CURVE ( 'NONE', #902, #1719, #1285, .T. ) ;
#894 = ADVANCED_FACE ( 'NONE', ( #1297 ), #1317, .F. ) ;
#895 = ORIENTED_EDGE ( 'NONE', *, *, #916, .T. ) ;
#896 = ORIENTED_EDGE ( 'NONE', *, *, #904, .F. ) ;
#897 = ORIENTED_EDGE ( 'NONE', *, *, #1768, .T. ) ;
#898 = VERTEX_POINT ( 'NONE', #1344 ) ;
#899 = ORIENTED_EDGE ( 'NONE', *, *, #1579, .T. ) ;
#900 = EDGE_CURVE ( 'NONE', #1803, #1737, #1355, .T. ) ;
#901 = ORIENTED_EDGE ( 'NONE', *, *, #818, .T. ) ;
#902 = VERTEX_POINT ( 'NONE', #1389 ) ;
#903 = ADVANCED_FACE ( 'NONE', ( #1394 ), #1395, .F. ) ;
#904 = EDGE_CURVE ( 'NONE', #817, #1584, #1430, .T. ) ;
#905 = ORIENTED_EDGE ( 'NONE', *, *, #1224, .F. ) ;
#906 = ORIENTED_EDGE ( 'NONE', *, *, #1589, .F. ) ;
#907 = ORIENTED_EDGE ( 'NONE', *, *, #1714, .T. ) ;
#908 = EDGE_CURVE ( 'NONE', #1586, #760, #1446, .T. ) ;
#909 = EDGE_CURVE ( 'NONE', #823, #806, #1474, .T. ) ;
#910 = VERTEX_POINT ( 'NONE', #1482 ) ;
#911 = ORIENTED_EDGE ( 'NONE', *, *, #1541, .F. ) ;
#912 = ORIENTED_EDGE ( 'NONE', *, *, #1781, .T. ) ;
#913 = EDGE_LOOP ( 'NONE', ( #1207, #446, #706, #1709, #1744, #573 ) ) ;
#914 = ORIENTED_EDGE ( 'NONE', *, *, #961, .T. ) ;
#915 = ORIENTED_EDGE ( 'NONE', *, *, #1661, .T. ) ;
#916 = EDGE_CURVE ( 'NONE', #754, #805, #60, .T. ) ;
#917 = EDGE_LOOP ( 'NONE', ( #1302, #1511, #1001, #156 ) ) ;
#918 = ORIENTED_EDGE ( 'NONE', *, *, #1500, .T. ) ;
#919 = VERTEX_POINT ( 'NONE', #70 ) ;
#920 = ORIENTED_EDGE ( 'NONE', *, *, #770, .T. ) ;
#921 = ORIENTED_EDGE ( 'NONE', *, *, #1054, .F. ) ;
#922 = EDGE_LOOP ( 'NONE', ( #1379, #88, #499, #479 ) ) ;
#923 = ORIENTED_EDGE ( 'NONE', *, *, #1540, .T. ) ;
#924 = CARTESIAN_POINT ( 'NONE',  ( -2.600000000000000100, 0.05000000000000000300, -0.2999999999999999900 ) ) ;
#925 = LINE ( 'NONE', #926, #927 ) ;
#926 = CARTESIAN_POINT ( 'NONE',  ( -2.299999999999999800, 0.1000000000000000100, -2.399999999999999900 ) ) ;
#927 = VECTOR ( 'NONE', #928, 1000.000000000000000 ) ;
#928 = DIRECTION ( 'NONE',  ( 9.035018104045869500E-017, 0.0000000000000000000, 1.000000000000000000 ) ) ;
#929 = LINE ( 'NONE', #930, #931 ) ;
#930 = CARTESIAN_POINT ( 'NONE',  ( 0.5000000000000000000, -0.8000000000000000400, -0.8499999999999999800 ) ) ;
#931 = VECTOR ( 'NONE', #932, 1000.000000000000000 ) ;
#932 = DIRECTION ( 'NONE',  ( -1.000000000000000000, 0.0000000000000000000, -4.170008355713475200E-016 ) ) ;
#933 = CARTESIAN_POINT ( 'NONE',  ( 0.6200000000000000000, 3.000000000000000000, 1.350000000000000100 ) ) ;
#934 = LINE ( 'NONE', #935, #936 ) ;
#935 = CARTESIAN_POINT ( 'NONE',  ( 1.100000000000000100, 2.200000000000000200, 1.350000000000000100 ) ) ;
#936 = VECTOR ( 'NONE', #937, 1000.000000000000000 ) ;
#937 = DIRECTION ( 'NONE',  ( 0.0000000000000000000, 1.000000000000000000, 0.0000000000000000000 ) ) ;
#938 = CARTESIAN_POINT ( 'NONE',  ( 0.2400000000000000200, -0.05784098738882090300, 1.350000000000000100 ) ) ;
#939 = LINE ( 'NONE', #944, #945 ) ;
#940 = ADVANCED_FACE ( 'NONE', ( #116 ), #133, .T. ) ;
#941 = ORIENTED_EDGE ( 'NONE', *, *, #1055, .F. ) ;
#942 = ORIENTED_EDGE ( 'NONE', *, *, #1092, .T. ) ;
#943 = ADVANCED_FACE ( 'NONE', ( #138 ), #139, .T. ) ;
#944 = CARTESIAN_POINT ( 'NONE',  ( 1.100000000000000100, 3.000000000000000000, 0.8499999999999999800 ) ) ;
#945 = VECTOR ( 'NONE', #946, 1000.000000000000000 ) ;
#946 = DIRECTION ( 'NONE',  ( 1.000000000000000000, 0.0000000000000000000, -4.170008355713485000E-016 ) ) ;
#947 = CARTESIAN_POINT ( 'NONE',  ( 0.6200000000000000000, 2.200000000000000200, -0.8499999999999999800 ) ) ;
#948 = CARTESIAN_POINT ( 'NONE',  ( -3.600000000000000100, 0.05000000000000000300, 0.8499999999999999800 ) ) ;
#949 = CARTESIAN_POINT ( 'NONE',  ( 0.6200000000000000000, 3.000000000000000000, 0.8499999999999999800 ) ) ;
#950 = LINE ( 'NONE', #951, #952 ) ;
#951 = CARTESIAN_POINT ( 'NONE',  ( 6.299999999999999800, 1.100000000000000100, 0.4500000000000000100 ) ) ;
#952 = VECTOR ( 'NONE', #953, 1000.000000000000000 ) ;
#953 = DIRECTION ( 'NONE',  ( 0.0000000000000000000, 1.000000000000000000, 0.0000000000000000000 ) ) ;
#954 = CARTESIAN_POINT ( 'NONE',  ( -0.2400000000000000200, -0.8000000000000000400, 1.350000000000000100 ) ) ;
#955 = CARTESIAN_POINT ( 'NONE',  ( 7.100000000000000500, 0.2999999999999999900, 0.4500000000000000100 ) ) ;
#956 = FACE_BOUND ( 'NONE', #1775, .T. ) ;
#957 = FACE_OUTER_BOUND ( 'NONE', #1797, .T. ) ;
#958 = PLANE ( 'NONE',  #959 ) ;
#959 = AXIS2_PLACEMENT_3D ( 'NONE', #964, #965, #966 ) ;
#960 = ORIENTED_EDGE ( 'NONE', *, *, #1111, .F. ) ;
#961 = EDGE_CURVE ( 'NONE', #741, #87, #144, .T. ) ;
#962 = EDGE_LOOP ( 'NONE', ( #1417, #1359, #1652, #850, #1691, #1757 ) ) ;
#963 = ADVANCED_FACE ( 'NONE', ( #148 ), #149, .F. ) ;
#964 = CARTESIAN_POINT ( 'NONE',  ( -2.299999999999999800, 3.000000000000000000, -2.399999999999999900 ) ) ;
#965 = DIRECTION ( 'NONE',  ( 0.0000000000000000000, 1.000000000000000000, 0.0000000000000000000 ) ) ;
#966 = DIRECTION ( 'NONE',  ( 0.0000000000000000000, 0.0000000000000000000, 1.000000000000000000 ) ) ;
#967 = CARTESIAN_POINT ( 'NONE',  ( 7.599999999999999600, 1.100000000000000100, 0.4500000000000000100 ) ) ;
#968 = LINE ( 'NONE', #969, #970 ) ;
#969 = CARTESIAN_POINT ( 'NONE',  ( 0.5000000000000000000, -0.8000000000000000400, 0.8499999999999999800 ) ) ;
#970 = VECTOR ( 'NONE', #971, 1000.000000000000000 ) ;
#971 = DIRECTION ( 'NONE',  ( 1.000000000000000000, 0.0000000000000000000, -4.170008355713480100E-016 ) ) ;
#972 = LINE ( 'NONE', #973, #974 ) ;
#973 = CARTESIAN_POINT ( 'NONE',  ( -0.2400000000000000200, -0.8000000000000000400, -0.8499999999999999800 ) ) ;
#974 = VECTOR ( 'NONE', #975, 1000.000000000000000 ) ;
#975 = DIRECTION ( 'NONE',  ( 0.0000000000000000000, 0.0000000000000000000, 1.000000000000000000 ) ) ;
#976 = FACE_OUTER_BOUND ( 'NONE', #843, .T. ) ;
#977 = PLANE ( 'NONE',  #978 ) ;
#978 = AXIS2_PLACEMENT_3D ( 'NONE', #979, #982, #983 ) ;
#979 = CARTESIAN_POINT ( 'NONE',  ( -0.2400000000000000200, -0.8000000000000000400, 1.350000000000000100 ) ) ;
#980 = EDGE_CURVE ( 'NONE', #741, #802, #160, .T. ) ;
#981 = EDGE_CURVE ( 'NONE', #1627, #1566, #168, .T. ) ;
#982 = DIRECTION ( 'NONE',  ( -1.000000000000000000, 0.0000000000000000000, 0.0000000000000000000 ) ) ;
#983 = DIRECTION ( 'NONE',  ( 0.0000000000000000000, 0.0000000000000000000, 1.000000000000000000 ) ) ;
#984 = CARTESIAN_POINT ( 'NONE',  ( -1.200000000000000000, 0.1000000000000000100, 1.899999999999999900 ) ) ;
#985 = FACE_OUTER_BOUND ( 'NONE', #1243, .T. ) ;
#986 = PLANE ( 'NONE',  #987 ) ;
#987 = AXIS2_PLACEMENT_3D ( 'NONE', #988, #989, #990 ) ;
#988 = CARTESIAN_POINT ( 'NONE',  ( -0.2400000000000000200, -0.8000000000000000400, -0.8499999999999999800 ) ) ;
#989 = DIRECTION ( 'NONE',  ( -1.000000000000000000, 0.0000000000000000000, 0.0000000000000000000 ) ) ;
#990 = DIRECTION ( 'NONE',  ( 0.0000000000000000000, 0.0000000000000000000, 1.000000000000000000 ) ) ;
#991 = FACE_OUTER_BOUND ( 'NONE', #892, .T. ) ;
#992 = CYLINDRICAL_SURFACE ( 'NONE', #993, 0.4749999999999999800 ) ;
#993 = AXIS2_PLACEMENT_3D ( 'NONE', #994, #995, #996 ) ;
#994 = CARTESIAN_POINT ( 'NONE',  ( 0.0000000000000000000, -0.5999999999999999800, 0.0000000000000000000 ) ) ;
#995 = DIRECTION ( 'NONE',  ( 0.0000000000000000000, 1.000000000000000000, 0.0000000000000000000 ) ) ;
#996 = DIRECTION ( 'NONE',  ( 0.0000000000000000000, 0.0000000000000000000, 1.000000000000000000 ) ) ;
#997 = LINE ( 'NONE', #1002, #1003 ) ;
#998 = ADVANCED_FACE ( 'NONE', ( #176 ), #177, .F. ) ;
#999 = ORIENTED_EDGE ( 'NONE', *, *, #608, .T. ) ;
#1000 = EDGE_CURVE ( 'NONE', #445, #86, #182, .T. ) ;
#1001 = ORIENTED_EDGE ( 'NONE', *, *, #1340, .F. ) ;
#1002 = CARTESIAN_POINT ( 'NONE',  ( -0.5000000000000000000, -0.8000000000000000400, 0.8499999999999999800 ) ) ;
#1003 = VECTOR ( 'NONE', #1004, 1000.000000000000000 ) ;
#1004 = DIRECTION ( 'NONE',  ( 0.0000000000000000000, 1.000000000000000000, 0.0000000000000000000 ) ) ;
#1005 = FACE_OUTER_BOUND ( 'NONE', #1813, .T. ) ;
#1006 = PLANE ( 'NONE',  #1007 ) ;
#1007 = AXIS2_PLACEMENT_3D ( 'NONE', #1008, #1009, #1010 ) ;
#1008 = CARTESIAN_POINT ( 'NONE',  ( -0.5000000000000000000, -0.8000000000000000400, 0.8499999999999999800 ) ) ;
#1009 = DIRECTION ( 'NONE',  ( -1.000000000000000000, 0.0000000000000000000, 1.275531967630004000E-016 ) ) ;
#1010 = DIRECTION ( 'NONE',  ( 1.275531967630004000E-016, 0.0000000000000000000, 1.000000000000000000 ) ) ;
#1011 = LINE ( 'NONE', #1012, #1013 ) ;
#1012 = CARTESIAN_POINT ( 'NONE',  ( 7.599999999999999600, 1.100000000000000100, 0.8499999999999999800 ) ) ;
#1013 = VECTOR ( 'NONE', #1014, 1000.000000000000000 ) ;
#1014 = DIRECTION ( 'NONE',  ( 0.0000000000000000000, -1.000000000000000000, 0.0000000000000000000 ) ) ;
#1015 = LINE ( 'NONE', #1016, #1017 ) ;
#1016 = CARTESIAN_POINT ( 'NONE',  ( -3.600000000000000100, 0.4500000000000000100, -1.399999999999999900 ) ) ;
#1017 = VECTOR ( 'NONE', #1020, 1000.000000000000000 ) ;
#1018 = ORIENTED_EDGE ( 'NONE', *, *, #873, .T. ) ;
#1019 = EDGE_CURVE ( 'NONE', #1263, #842, #187, .T. ) ;
#1020 = DIRECTION ( 'NONE',  ( 1.000000000000000000, 0.0000000000000000000, 0.0000000000000000000 ) ) ;
#1021 = CARTESIAN_POINT ( 'NONE',  ( 1.360000000000000100, 3.000000000000000000, 0.8499999999999999800 ) ) ;
#1022 = CARTESIAN_POINT ( 'NONE',  ( -3.100000000000000100, 0.05000000000000000300, -0.2999999999999999900 ) ) ;
#1023 = FACE_OUTER_BOUND ( 'NONE', #1339, .T. ) ;
#1024 = FACE_BOUND ( 'NONE', #1630, .T. ) ;
#1025 = PLANE ( 'NONE',  #1026 ) ;
#1026 = AXIS2_PLACEMENT_3D ( 'NONE', #1027, #1028, #1029 ) ;
#1027 = CARTESIAN_POINT ( 'NONE',  ( -2.299999999999999800, 0.1000000000000000100, -2.399999999999999900 ) ) ;
#1028 = DIRECTION ( 'NONE',  ( 0.0000000000000000000, 1.000000000000000000, 0.0000000000000000000 ) ) ;
#1029 = DIRECTION ( 'NONE',  ( 0.0000000000000000000, 0.0000000000000000000, 1.000000000000000000 ) ) ;
#1030 = CARTESIAN_POINT ( 'NONE',  ( 6.299999999999999800, 0.1000000000000000100, -2.399999999999999900 ) ) ;
#1031 = LINE ( 'NONE', #1032, #1033 ) ;
#1032 = CARTESIAN_POINT ( 'NONE',  ( 6.299999999999999800, 1.100000000000000100, 0.8499999999999999800 ) ) ;
#1033 = VECTOR ( 'NONE', #1034, 1000.000000000000000 ) ;
#1034 = DIRECTION ( 'NONE',  ( 1.000000000000000000, -1.668003342285389800E-016, 0.0000000000000000000 ) ) ;
#1035 = LINE ( 'NONE', #1037, #1038 ) ;
#1036 = ORIENTED_EDGE ( 'NONE', *, *, #1188, .T. ) ;
#1037 = CARTESIAN_POINT ( 'NONE',  ( 6.599999999999999600, 0.05000000000000000300, -0.2999999999999999900 ) ) ;
#1038 = VECTOR ( 'NONE', #1039, 1000.000000000000000 ) ;
#1039 = DIRECTION ( 'NONE',  ( 1.000000000000000000, 0.0000000000000000000, 0.0000000000000000000 ) ) ;
#1040 = FACE_OUTER_BOUND ( 'NONE', #702, .T. ) ;
#1041 = COLOUR_RGB ( '',0.7490196078431372600, 0.7490196078431372600, 0.7490196078431372600 ) ;
#1042 = FILL_AREA_STYLE_COLOUR ( '', #1041 ) ;
#1043 = FILL_AREA_STYLE ('',( #1042 ) ) ;
#1044 = SURFACE_STYLE_FILL_AREA ( #1043 ) ;
#1045 = SURFACE_SIDE_STYLE ('',( #1044 ) ) ;
#1046 = SURFACE_STYLE_USAGE ( .BOTH. , #1045 ) ;
#1047 = PRESENTATION_STYLE_ASSIGNMENT (( #1046 ) ) ;
#1048 = STYLED_ITEM ( 'NONE', ( #1047 ), #1820 ) ;
#1049 = PRESENTATION_LAYER_ASSIGNMENT (  '', '', ( #1048 ) ) ;
#1050 = MECHANICAL_DESIGN_GEOMETRIC_PRESENTATION_REPRESENTATION (  '', ( #1048 ), #1061 ) ;
#1051 =( LENGTH_UNIT ( ) NAMED_UNIT ( * ) SI_UNIT ( .MILLI., .METRE. ) );
#1052 =( NAMED_UNIT ( * ) PLANE_ANGLE_UNIT ( ) SI_UNIT ( $, .RADIAN. ) );
#1053 = ORIENTED_EDGE ( 'NONE', *, *, #1131, .F. ) ;
#1054 = EDGE_CURVE ( 'NONE', #1281, #1583, #209, .T. ) ;
#1055 = EDGE_CURVE ( 'NONE', #1129, #809, #213, .T. ) ;
#1056 = EDGE_CURVE ( 'NONE', #1649, #1246, #223, .T. ) ;
#1057 = ORIENTED_EDGE ( 'NONE', *, *, #821, .T. ) ;
#1058 = EDGE_CURVE ( 'NONE', #1588, #902, #228, .T. ) ;
#1059 =( NAMED_UNIT ( * ) SI_UNIT ( $, .STERADIAN. ) SOLID_ANGLE_UNIT ( ) );
#1060 = UNCERTAINTY_MEASURE_WITH_UNIT (LENGTH_MEASURE( 1.000000000000000100E-005 ), #1051, 'distance_accuracy_value', 'NONE');
#1061 =( GEOMETRIC_REPRESENTATION_CONTEXT ( 3 ) GLOBAL_UNCERTAINTY_ASSIGNED_CONTEXT ( ( #1060 ) ) GLOBAL_UNIT_ASSIGNED_CONTEXT ( ( #1051, #1052, #1059 ) ) REPRESENTATION_CONTEXT ( 'NONE', 'WORKASPACE' ) );
#1062 = PLANE ( 'NONE',  #1063 ) ;
#1063 = AXIS2_PLACEMENT_3D ( 'NONE', #1064, #1065, #1066 ) ;
#1064 = CARTESIAN_POINT ( 'NONE',  ( -2.299999999999999800, 0.2999999999999999900, 0.4500000000000000100 ) ) ;
#1065 = DIRECTION ( 'NONE',  ( 2.032879073410319800E-016, -1.000000000000000000, 0.0000000000000000000 ) ) ;
#1066 = DIRECTION ( 'NONE',  ( 1.000000000000000000, 2.032879073410319800E-016, 0.0000000000000000000 ) ) ;
#1067 = LINE ( 'NONE', #1068, #1069 ) ;
#1068 = CARTESIAN_POINT ( 'NONE',  ( 1.100000000000000100, 2.200000000000000200, 0.8499999999999999800 ) ) ;
#1069 = VECTOR ( 'NONE', #1070, 1000.000000000000000 ) ;
#1070 = DIRECTION ( 'NONE',  ( 1.000000000000000000, 0.0000000000000000000, -4.170008355713485000E-016 ) ) ;
#1071 = CARTESIAN_POINT ( 'NONE',  ( 1.100000000000000100, 2.200000000000000200, -0.8499999999999999800 ) ) ;
#1072 = CARTESIAN_POINT ( 'NONE',  ( 0.6200000000000000000, 3.000000000000000000, -1.350000000000000100 ) ) ;
#1073 = LINE ( 'NONE', #1074, #1075 ) ;
#1074 = CARTESIAN_POINT ( 'NONE',  ( 6.599999999999999600, 0.4500000000000000100, -0.2999999999999999900 ) ) ;
#1075 = VECTOR ( 'NONE', #1076, 1000.000000000000000 ) ;
#1076 = DIRECTION ( 'NONE',  ( -3.942553354492745000E-016, 0.0000000000000000000, 1.000000000000000000 ) ) ;
#1077 = CARTESIAN_POINT ( 'NONE',  ( -2.600000000000000100, 0.4500000000000000100, -0.2999999999999999900 ) ) ;
#1078 = FACE_OUTER_BOUND ( 'NONE', #1537, .T. ) ;
#1079 = COLOUR_RGB ( '',0.7490196078431372600, 0.7490196078431372600, 0.7490196078431372600 ) ;
#1080 = FILL_AREA_STYLE_COLOUR ( '', #1079 ) ;
#1081 = FILL_AREA_STYLE ('',( #1080 ) ) ;
#1082 = SURFACE_STYLE_FILL_AREA ( #1081 ) ;
#1083 = SURFACE_SIDE_STYLE ('',( #1082 ) ) ;
#1084 = SURFACE_STYLE_USAGE ( .BOTH. , #1083 ) ;
#1085 = PRESENTATION_STYLE_ASSIGNMENT (( #1084 ) ) ;
#1086 = STYLED_ITEM ( 'NONE', ( #1085 ), #1825 ) ;
#1087 = PRESENTATION_LAYER_ASSIGNMENT (  '', '', ( #1086 ) ) ;
#1088 = MECHANICAL_DESIGN_GEOMETRIC_PRESENTATION_REPRESENTATION (  '', ( #1086 ), #1097 ) ;
#1089 =( LENGTH_UNIT ( ) NAMED_UNIT ( * ) SI_UNIT ( .MILLI., .METRE. ) );
#1090 =( NAMED_UNIT ( * ) PLANE_ANGLE_UNIT ( ) SI_UNIT ( $, .RADIAN. ) );
#1091 = ORIENTED_EDGE ( 'NONE', *, *, #1224, .T. ) ;
#1092 = EDGE_CURVE ( 'NONE', #2317, #772, #236, .T. ) ;
#1093 = ORIENTED_EDGE ( 'NONE', *, *, #1581, .F. ) ;
#1094 = EDGE_CURVE ( 'NONE', #1322, #1719, #241, .T. ) ;
#1095 =( NAMED_UNIT ( * ) SI_UNIT ( $, .STERADIAN. ) SOLID_ANGLE_UNIT ( ) );
#1096 = UNCERTAINTY_MEASURE_WITH_UNIT (LENGTH_MEASURE( 1.000000000000000100E-005 ), #1089, 'distance_accuracy_value', 'NONE');
#1097 =( GEOMETRIC_REPRESENTATION_CONTEXT ( 3 ) GLOBAL_UNCERTAINTY_ASSIGNED_CONTEXT ( ( #1096 ) ) GLOBAL_UNIT_ASSIGNED_CONTEXT ( ( #1089, #1090, #1095 ) ) REPRESENTATION_CONTEXT ( 'NONE', 'WORKASPACE' ) );
#1098 = PLANE ( 'NONE',  #1099 ) ;
#1099 = AXIS2_PLACEMENT_3D ( 'NONE', #1100, #1101, #1102 ) ;
#1100 = CARTESIAN_POINT ( 'NONE',  ( 6.599999999999999600, 0.4500000000000000100, -0.2999999999999999900 ) ) ;
#1101 = DIRECTION ( 'NONE',  ( 1.000000000000000000, 0.0000000000000000000, 3.942553354492745000E-016 ) ) ;
#1102 = DIRECTION ( 'NONE',  ( 3.942553354492745000E-016, 0.0000000000000000000, -1.000000000000000000 ) ) ;
#1103 = LINE ( 'NONE', #1104, #1105 ) ;
#1104 = CARTESIAN_POINT ( 'NONE',  ( -2.299999999999999800, 3.000000000000000000, -2.399999999999999900 ) ) ;
#1105 = VECTOR ( 'NONE', #1106, 1000.000000000000000 ) ;
#1106 = DIRECTION ( 'NONE',  ( 0.0000000000000000000, -1.000000000000000000, 0.0000000000000000000 ) ) ;
#1107 = LINE ( 'NONE', #1108, #1109 ) ;
#1108 = CARTESIAN_POINT ( 'NONE',  ( -3.600000000000000100, 0.4500000000000000100, 0.8499999999999999800 ) ) ;
#1109 = VECTOR ( 'NONE', #1110, 1000.000000000000000 ) ;
#1110 = DIRECTION ( 'NONE',  ( 1.927470528863119800E-016, 0.0000000000000000000, -1.000000000000000000 ) ) ;
#1111 = EDGE_CURVE ( 'NONE', #764, #691, #245, .T. ) ;
#1112 = ORIENTED_EDGE ( 'NONE', *, *, #1111, .T. ) ;
#1113 = CARTESIAN_POINT ( 'NONE',  ( -2.299999999999999800, 0.1000000000000000100, -2.399999999999999900 ) ) ;
#1114 = CARTESIAN_POINT ( 'NONE',  ( 0.2400000000000000200, -0.8000000000000000400, -0.8499999999999999800 ) ) ;
#1115 = LINE ( 'NONE', #1116, #1117 ) ;
#1116 = CARTESIAN_POINT ( 'NONE',  ( 0.2400000000000000200, -0.8000000000000000400, -0.8499999999999999800 ) ) ;
#1117 = VECTOR ( 'NONE', #1118, 1000.000000000000000 ) ;
#1118 = DIRECTION ( 'NONE',  ( 0.0000000000000000000, 0.0000000000000000000, -1.000000000000000000 ) ) ;
#1119 = LINE ( 'NONE', #1120, #1121 ) ;
#1120 = CARTESIAN_POINT ( 'NONE',  ( 1.360000000000000100, 2.200000000000000200, 0.8499999999999999800 ) ) ;
#1121 = VECTOR ( 'NONE', #1122, 1000.000000000000000 ) ;
#1122 = DIRECTION ( 'NONE',  ( 0.0000000000000000000, 1.000000000000000000, 0.0000000000000000000 ) ) ;
#1123 = CARTESIAN_POINT ( 'NONE',  ( 6.299999999999999800, 1.100000000000000100, 0.4500000000000000100 ) ) ;
#1124 = CARTESIAN_POINT ( 'NONE',  ( 1.100000000000000100, 3.000000000000000000, 0.8499999999999999800 ) ) ;
#1125 = CIRCLE ( 'NONE', #1126, 0.4749999999999999800 ) ;
#1126 = AXIS2_PLACEMENT_3D ( 'NONE', #1127, #1128, #1135 ) ;
#1127 = CARTESIAN_POINT ( 'NONE',  ( 0.0000000000000000000, 0.0000000000000000000, 0.0000000000000000000 ) ) ;
#1128 = DIRECTION ( 'NONE',  ( 0.0000000000000000000, -1.000000000000000000, 0.0000000000000000000 ) ) ;
#1129 = VERTEX_POINT ( 'NONE', #262 ) ;
#1130 = EDGE_CURVE ( 'NONE', #910, #1739, #263, .T. ) ;
#1131 = EDGE_CURVE ( 'NONE', #1655, #1811, #267, .T. ) ;
#1132 = ORIENTED_EDGE ( 'NONE', *, *, #1225, .F. ) ;
#1133 = ADVANCED_FACE ( 'NONE', ( #275 ), #276, .F. ) ;
#1134 = ORIENTED_EDGE ( 'NONE', *, *, #782, .T. ) ;
#1135 = DIRECTION ( 'NONE',  ( 0.0000000000000000000, 0.0000000000000000000, 1.000000000000000000 ) ) ;
#1136 = FACE_OUTER_BOUND ( 'NONE', #1638, .T. ) ;
#1137 = PLANE ( 'NONE',  #1138 ) ;
#1138 = AXIS2_PLACEMENT_3D ( 'NONE', #1139, #1140, #1141 ) ;
#1139 = CARTESIAN_POINT ( 'NONE',  ( 0.6200000000000000000, 2.200000000000000200, 1.350000000000000100 ) ) ;
#1140 = DIRECTION ( 'NONE',  ( 0.0000000000000000000, 0.0000000000000000000, 1.000000000000000000 ) ) ;
#1141 = DIRECTION ( 'NONE',  ( 1.000000000000000000, 0.0000000000000000000, 0.0000000000000000000 ) ) ;
#1142 = LINE ( 'NONE', #1143, #1144 ) ;
#1143 = CARTESIAN_POINT ( 'NONE',  ( -1.200000000000000000, 0.1000000000000000100, -1.899999999999999900 ) ) ;
#1144 = VECTOR ( 'NONE', #1145, 1000.000000000000000 ) ;
#1145 = DIRECTION ( 'NONE',  ( 1.000000000000000000, 0.0000000000000000000, 2.371692252312040000E-016 ) ) ;
#1146 = FACE_OUTER_BOUND ( 'NONE', #1788, .T. ) ;
#1147 = PLANE ( 'NONE',  #1148 ) ;
#1148 = AXIS2_PLACEMENT_3D ( 'NONE', #1149, #1150, #1153 ) ;
#1149 = CARTESIAN_POINT ( 'NONE',  ( 5.200000000000000200, -7.443117626371360100, 1.899999999999999900 ) ) ;
#1150 = DIRECTION ( 'NONE',  ( -1.000000000000000000, 0.0000000000000000000, -4.565061778886340000E-016 ) ) ;
#1151 = ORIENTED_EDGE ( 'NONE', *, *, #1340, .T. ) ;
#1152 = ORIENTED_EDGE ( 'NONE', *, *, #887, .T. ) ;
#1153 = DIRECTION ( 'NONE',  ( -4.565061778886340000E-016, 0.0000000000000000000, 1.000000000000000000 ) ) ;
#1154 = LINE ( 'NONE', #1155, #1156 ) ;
#1155 = CARTESIAN_POINT ( 'NONE',  ( 7.100000000000000500, 0.05000000000000000300, 0.4500000000000000100 ) ) ;
#1156 = VECTOR ( 'NONE', #1157, 1000.000000000000000 ) ;
#1157 = DIRECTION ( 'NONE',  ( 0.0000000000000000000, 0.0000000000000000000, 1.000000000000000000 ) ) ;
#1158 = LINE ( 'NONE', #1159, #1160 ) ;
#1159 = CARTESIAN_POINT ( 'NONE',  ( 0.3600000000000000400, 2.200000000000000200, -0.8499999999999999800 ) ) ;
#1160 = VECTOR ( 'NONE', #1161, 1000.000000000000000 ) ;
#1161 = DIRECTION ( 'NONE',  ( -1.275531967630006000E-016, 0.0000000000000000000, 1.000000000000000000 ) ) ;
#1162 = LINE ( 'NONE', #1163, #1164 ) ;
#1163 = CARTESIAN_POINT ( 'NONE',  ( -3.600000000000000100, 0.4500000000000000100, 0.4500000000000000100 ) ) ;
#1164 = VECTOR ( 'NONE', #1165, 1000.000000000000000 ) ;
#1165 = DIRECTION ( 'NONE',  ( -1.000000000000000000, 0.0000000000000000000, 0.0000000000000000000 ) ) ;
#1166 = FACE_OUTER_BOUND ( 'NONE', #753, .T. ) ;
#1167 = CYLINDRICAL_SURFACE ( 'NONE', #1168, 0.4749999999999999800 ) ;
#1168 = AXIS2_PLACEMENT_3D ( 'NONE', #1170, #1171, #1172 ) ;
#1169 = EDGE_LOOP ( 'NONE', ( #273, #837, #864, #1570 ) ) ;
#1170 = CARTESIAN_POINT ( 'NONE',  ( 0.0000000000000000000, -0.5999999999999999800, 0.0000000000000000000 ) ) ;
#1171 = DIRECTION ( 'NONE',  ( 0.0000000000000000000, 1.000000000000000000, 0.0000000000000000000 ) ) ;
#1172 = DIRECTION ( 'NONE',  ( 0.0000000000000000000, 0.0000000000000000000, 1.000000000000000000 ) ) ;
#1173 = CARTESIAN_POINT ( 'NONE',  ( -0.2400000000000000200, -0.8000000000000000400, 0.8499999999999999800 ) ) ;
#1174 = FACE_OUTER_BOUND ( 'NONE', #758, .T. ) ;
#1175 = COLOUR_RGB ( '',0.7490196078431372600, 0.7490196078431372600, 0.7490196078431372600 ) ;
#1176 = FILL_AREA_STYLE_COLOUR ( '', #1175 ) ;
#1177 = FILL_AREA_STYLE ('',( #1176 ) ) ;
#1178 = SURFACE_STYLE_FILL_AREA ( #1177 ) ;
#1179 = SURFACE_SIDE_STYLE ('',( #1178 ) ) ;
#1180 = SURFACE_STYLE_USAGE ( .BOTH. , #1179 ) ;
#1181 = PRESENTATION_STYLE_ASSIGNMENT (( #1180 ) ) ;
#1182 = STYLED_ITEM ( 'NONE', ( #1181 ), #740 ) ;
#1183 = PRESENTATION_LAYER_ASSIGNMENT (  '', '', ( #1182 ) ) ;
#1184 = MECHANICAL_DESIGN_GEOMETRIC_PRESENTATION_REPRESENTATION (  '', ( #1182 ), #1192 ) ;
#1185 =( LENGTH_UNIT ( ) NAMED_UNIT ( * ) SI_UNIT ( .MILLI., .METRE. ) );
#1186 = EDGE_CURVE ( 'NONE', #1435, #741, #333, .T. ) ;
#1187 = ORIENTED_EDGE ( 'NONE', *, *, #1513, .T. ) ;
#1188 = EDGE_CURVE ( 'NONE', #828, #1526, #341, .T. ) ;
#1189 =( NAMED_UNIT ( * ) PLANE_ANGLE_UNIT ( ) SI_UNIT ( $, .RADIAN. ) );
#1190 =( NAMED_UNIT ( * ) SI_UNIT ( $, .STERADIAN. ) SOLID_ANGLE_UNIT ( ) );
#1191 = UNCERTAINTY_MEASURE_WITH_UNIT (LENGTH_MEASURE( 1.000000000000000100E-005 ), #1185, 'distance_accuracy_value', 'NONE');
#1192 =( GEOMETRIC_REPRESENTATION_CONTEXT ( 3 ) GLOBAL_UNCERTAINTY_ASSIGNED_CONTEXT ( ( #1191 ) ) GLOBAL_UNIT_ASSIGNED_CONTEXT ( ( #1185, #1189, #1190 ) ) REPRESENTATION_CONTEXT ( 'NONE', 'WORKASPACE' ) );
#1193 = PLANE ( 'NONE',  #1194 ) ;
#1194 = AXIS2_PLACEMENT_3D ( 'NONE', #1195, #1196, #1197 ) ;
#1195 = CARTESIAN_POINT ( 'NONE',  ( 6.299999999999999800, 1.100000000000000100, 0.4500000000000000100 ) ) ;
#1196 = DIRECTION ( 'NONE',  ( -1.668003342285389800E-016, -1.000000000000000000, 0.0000000000000000000 ) ) ;
#1197 = DIRECTION ( 'NONE',  ( 1.000000000000000000, -1.668003342285389800E-016, 0.0000000000000000000 ) ) ;
#1198 = CARTESIAN_POINT ( 'NONE',  ( 5.200000000000000200, 0.0000000000000000000, -1.899999999999999900 ) ) ;
#1199 = LINE ( 'NONE', #1200, #1201 ) ;
#1200 = CARTESIAN_POINT ( 'NONE',  ( 0.6200000000000000000, 2.200000000000000200, 1.350000000000000100 ) ) ;
#1201 = VECTOR ( 'NONE', #1202, 1000.000000000000000 ) ;
#1202 = DIRECTION ( 'NONE',  ( 0.0000000000000000000, 1.000000000000000000, 0.0000000000000000000 ) ) ;
#1203 = CARTESIAN_POINT ( 'NONE',  ( 7.599999999999999600, 0.4500000000000000100, -1.399999999999999900 ) ) ;
#1204 = LINE ( 'NONE', #1208, #1209 ) ;
#1205 = EDGE_LOOP ( 'NONE', ( #1499, #688, #757, #1604, #1508, #1556 ) ) ;
#1206 = EDGE_CURVE ( 'NONE', #1436, #1805, #346, .T. ) ;
#1207 = ORIENTED_EDGE ( 'NONE', *, *, #1674, .T. ) ;
#1208 = CARTESIAN_POINT ( 'NONE',  ( -2.299999999999999800, 0.2999999999999999900, 0.4500000000000000100 ) ) ;
#1209 = VECTOR ( 'NONE', #1210, 1000.000000000000000 ) ;
#1210 = DIRECTION ( 'NONE',  ( 1.000000000000000000, 2.032879073410319800E-016, 0.0000000000000000000 ) ) ;
#1211 = COLOUR_RGB ( '',0.2784313725490196200, 0.4941176470588235500, 0.5882352941176470800 ) ;
#1212 = FILL_AREA_STYLE_COLOUR ( '', #1211 ) ;
#1213 = FILL_AREA_STYLE ('',( #1212 ) ) ;
#1214 = SURFACE_STYLE_FILL_AREA ( #1213 ) ;
#1215 = SURFACE_SIDE_STYLE ('',( #1214 ) ) ;
#1216 = SURFACE_STYLE_USAGE ( .BOTH. , #1215 ) ;
#1217 = PRESENTATION_STYLE_ASSIGNMENT (( #1216 ) ) ;
#1218 = STYLED_ITEM ( 'NONE', ( #1217 ), #1939 ) ;
#1219 = PRESENTATION_LAYER_ASSIGNMENT (  '', '', ( #1218 ) ) ;
#1220 = MECHANICAL_DESIGN_GEOMETRIC_PRESENTATION_REPRESENTATION (  '', ( #1218 ), #1228 ) ;
#1221 =( LENGTH_UNIT ( ) NAMED_UNIT ( * ) SI_UNIT ( .MILLI., .METRE. ) );
#1222 =( NAMED_UNIT ( * ) PLANE_ANGLE_UNIT ( ) SI_UNIT ( $, .RADIAN. ) );
#1223 =( NAMED_UNIT ( * ) SI_UNIT ( $, .STERADIAN. ) SOLID_ANGLE_UNIT ( ) );
#1224 = EDGE_CURVE ( 'NONE', #1574, #1765, #354, .T. ) ;
#1225 = EDGE_CURVE ( 'NONE', #846, #898, #361, .T. ) ;
#1226 = VERTEX_POINT ( 'NONE', #367 ) ;
#1227 = UNCERTAINTY_MEASURE_WITH_UNIT (LENGTH_MEASURE( 1.000000000000000100E-005 ), #1221, 'distance_accuracy_value', 'NONE');
#1228 =( GEOMETRIC_REPRESENTATION_CONTEXT ( 3 ) GLOBAL_UNCERTAINTY_ASSIGNED_CONTEXT ( ( #1227 ) ) GLOBAL_UNIT_ASSIGNED_CONTEXT ( ( #1221, #1222, #1223 ) ) REPRESENTATION_CONTEXT ( 'NONE', 'WORKASPACE' ) );
#1229 = LINE ( 'NONE', #1230, #1231 ) ;
#1230 = CARTESIAN_POINT ( 'NONE',  ( -0.2400000000000000200, -0.8000000000000000400, 0.8499999999999999800 ) ) ;
#1231 = VECTOR ( 'NONE', #1232, 1000.000000000000000 ) ;
#1232 = DIRECTION ( 'NONE',  ( 1.000000000000000000, 0.0000000000000000000, 4.170008355713480100E-016 ) ) ;
#1233 = FACE_OUTER_BOUND ( 'NONE', #1645, .T. ) ;
#1234 = COLOUR_RGB ( '',0.7490196078431372600, 0.7490196078431372600, 0.7490196078431372600 ) ;
#1235 = FILL_AREA_STYLE_COLOUR ( '', #1234 ) ;
#1236 = FILL_AREA_STYLE ('',( #1235 ) ) ;
#1237 = SURFACE_STYLE_FILL_AREA ( #1236 ) ;
#1238 = SURFACE_SIDE_STYLE ('',( #1237 ) ) ;
#1239 = SURFACE_STYLE_USAGE ( .BOTH. , #1238 ) ;
#1240 = PRESENTATION_STYLE_ASSIGNMENT (( #1239 ) ) ;
#1241 = STYLED_ITEM ( 'NONE', ( #1240 ), #1616 ) ;
#1242 = PRESENTATION_LAYER_ASSIGNMENT (  '', '', ( #1241 ) ) ;
#1243 = EDGE_LOOP ( 'NONE', ( #748, #2231, #1576, #1789 ) ) ;
#1244 = EDGE_LOOP ( 'NONE', ( #1112, #778 ) ) ;
#1245 = ORIENTED_EDGE ( 'NONE', *, *, #821, .F. ) ;
#1246 = VERTEX_POINT ( 'NONE', #369 ) ;
#1247 = MECHANICAL_DESIGN_GEOMETRIC_PRESENTATION_REPRESENTATION (  '', ( #1241 ), #1252 ) ;
#1248 =( LENGTH_UNIT ( ) NAMED_UNIT ( * ) SI_UNIT ( .MILLI., .METRE. ) );
#1249 =( NAMED_UNIT ( * ) PLANE_ANGLE_UNIT ( ) SI_UNIT ( $, .RADIAN. ) );
#1250 =( NAMED_UNIT ( * ) SI_UNIT ( $, .STERADIAN. ) SOLID_ANGLE_UNIT ( ) );
#1251 = UNCERTAINTY_MEASURE_WITH_UNIT (LENGTH_MEASURE( 1.000000000000000100E-005 ), #1248, 'distance_accuracy_value', 'NONE');
#1252 =( GEOMETRIC_REPRESENTATION_CONTEXT ( 3 ) GLOBAL_UNCERTAINTY_ASSIGNED_CONTEXT ( ( #1251 ) ) GLOBAL_UNIT_ASSIGNED_CONTEXT ( ( #1248, #1249, #1250 ) ) REPRESENTATION_CONTEXT ( 'NONE', 'WORKASPACE' ) );
#1253 = PLANE ( 'NONE',  #1254 ) ;
#1254 = AXIS2_PLACEMENT_3D ( 'NONE', #1255, #1256, #1257 ) ;
#1255 = CARTESIAN_POINT ( 'NONE',  ( 7.100000000000000500, 0.05000000000000000300, 0.4500000000000000100 ) ) ;
#1256 = DIRECTION ( 'NONE',  ( 0.0000000000000000000, 1.000000000000000000, 0.0000000000000000000 ) ) ;
#1257 = DIRECTION ( 'NONE',  ( 0.0000000000000000000, 0.0000000000000000000, 1.000000000000000000 ) ) ;
#1258 = FACE_OUTER_BOUND ( 'NONE', #1244, .T. ) ;
#1259 = PLANE ( 'NONE',  #1260 ) ;
#1260 = AXIS2_PLACEMENT_3D ( 'NONE', #1261, #1262, #1265 ) ;
#1261 = CARTESIAN_POINT ( 'NONE',  ( 0.0000000000000000000, -0.5999999999999999800, 0.0000000000000000000 ) ) ;
#1262 = DIRECTION ( 'NONE',  ( 0.0000000000000000000, -1.000000000000000000, 0.0000000000000000000 ) ) ;
#1263 = VERTEX_POINT ( 'NONE', #371 ) ;
#1264 = ORIENTED_EDGE ( 'NONE', *, *, #1561, .F. ) ;
#1265 = DIRECTION ( 'NONE',  ( 0.0000000000000000000, 0.0000000000000000000, -1.000000000000000000 ) ) ;
#1266 = LINE ( 'NONE', #1267, #1268 ) ;
#1267 = CARTESIAN_POINT ( 'NONE',  ( -0.2400000000000000200, -0.8000000000000000400, -0.8499999999999999800 ) ) ;
#1268 = VECTOR ( 'NONE', #1269, 1000.000000000000000 ) ;
#1269 = DIRECTION ( 'NONE',  ( -1.000000000000000000, 0.0000000000000000000, 4.170008355713475200E-016 ) ) ;
#1270 = CARTESIAN_POINT ( 'NONE',  ( -2.299999999999999800, 0.1000000000000000100, 2.399999999999999900 ) ) ;
#1271 = LINE ( 'NONE', #1272, #1273 ) ;
#1272 = CARTESIAN_POINT ( 'NONE',  ( -3.100000000000000100, 0.4500000000000000100, 0.8499999999999999800 ) ) ;
#1273 = VECTOR ( 'NONE', #1274, 1000.000000000000000 ) ;
#1274 = DIRECTION ( 'NONE',  ( -3.771137991253930100E-016, 0.0000000000000000000, 1.000000000000000000 ) ) ;
#1275 = LINE ( 'NONE', #1276, #1277 ) ;
#1276 = CARTESIAN_POINT ( 'NONE',  ( 7.100000000000000500, 0.2999999999999999900, 0.8499999999999999800 ) ) ;
#1277 = VECTOR ( 'NONE', #1278, 1000.000000000000000 ) ;
#1278 = DIRECTION ( 'NONE',  ( 0.0000000000000000000, 1.000000000000000000, 0.0000000000000000000 ) ) ;
#1279 = CARTESIAN_POINT ( 'NONE',  ( 6.599999999999999600, 0.05000000000000000300, -0.2999999999999999900 ) ) ;
#1280 = CARTESIAN_POINT ( 'NONE',  ( 1.100000000000000100, 2.200000000000000200, 0.8499999999999999800 ) ) ;
#1281 = VERTEX_POINT ( 'NONE', #378 ) ;
#1282 = EDGE_LOOP ( 'NONE', ( #899, #745, #761, #1809 ) ) ;
#1283 = EDGE_LOOP ( 'NONE', ( #915, #1303, #1498, #907 ) ) ;
#1284 = CARTESIAN_POINT ( 'NONE',  ( 4.000000000000000000, -0.5999999999999999800, -0.4749999999999999800 ) ) ;
#1285 = LINE ( 'NONE', #1286, #1287 ) ;
#1286 = CARTESIAN_POINT ( 'NONE',  ( 7.599999999999999600, 0.4500000000000000100, 0.4500000000000000100 ) ) ;
#1287 = VECTOR ( 'NONE', #1288, 1000.000000000000000 ) ;
#1288 = DIRECTION ( 'NONE',  ( -1.000000000000000000, 0.0000000000000000000, 0.0000000000000000000 ) ) ;
#1289 = LINE ( 'NONE', #1290, #1291 ) ;
#1290 = CARTESIAN_POINT ( 'NONE',  ( 6.299999999999999800, 0.2999999999999999900, 0.4500000000000000100 ) ) ;
#1291 = VECTOR ( 'NONE', #1292, 1000.000000000000000 ) ;
#1292 = DIRECTION ( 'NONE',  ( 0.0000000000000000000, 0.0000000000000000000, 1.000000000000000000 ) ) ;
#1293 = LINE ( 'NONE', #1294, #1295 ) ;
#1294 = CARTESIAN_POINT ( 'NONE',  ( 1.100000000000000100, 2.200000000000000200, 0.8499999999999999800 ) ) ;
#1295 = VECTOR ( 'NONE', #1296, 1000.000000000000000 ) ;
#1296 = DIRECTION ( 'NONE',  ( 0.0000000000000000000, 1.000000000000000000, 0.0000000000000000000 ) ) ;
#1297 = FACE_OUTER_BOUND ( 'NONE', #913, .T. ) ;
#1298 = COLOUR_RGB ( '',0.7490196078431372600, 0.7490196078431372600, 0.7490196078431372600 ) ;
#1299 = FILL_AREA_STYLE_COLOUR ( '', #1298 ) ;
#1300 = VERTEX_POINT ( 'NONE', #397 ) ;
#1301 = ORIENTED_EDGE ( 'NONE', *, *, #1416, .F. ) ;
#1302 = ORIENTED_EDGE ( 'NONE', *, *, #1819, .T. ) ;
#1303 = ORIENTED_EDGE ( 'NONE', *, *, #909, .F. ) ;
#1304 = FILL_AREA_STYLE ('',( #1299 ) ) ;
#1305 = SURFACE_STYLE_FILL_AREA ( #1304 ) ;
#1306 = SURFACE_SIDE_STYLE ('',( #1305 ) ) ;
#1307 = SURFACE_STYLE_USAGE ( .BOTH. , #1306 ) ;
#1308 = PRESENTATION_STYLE_ASSIGNMENT (( #1307 ) ) ;
#1309 = STYLED_ITEM ( 'NONE', ( #1308 ), #894 ) ;
#1310 = PRESENTATION_LAYER_ASSIGNMENT (  '', '', ( #1309 ) ) ;
#1311 = MECHANICAL_DESIGN_GEOMETRIC_PRESENTATION_REPRESENTATION (  '', ( #1309 ), #1316 ) ;
#1312 =( LENGTH_UNIT ( ) NAMED_UNIT ( * ) SI_UNIT ( .MILLI., .METRE. ) );
#1313 =( NAMED_UNIT ( * ) PLANE_ANGLE_UNIT ( ) SI_UNIT ( $, .RADIAN. ) );
#1314 =( NAMED_UNIT ( * ) SI_UNIT ( $, .STERADIAN. ) SOLID_ANGLE_UNIT ( ) );
#1315 = UNCERTAINTY_MEASURE_WITH_UNIT (LENGTH_MEASURE( 1.000000000000000100E-005 ), #1312, 'distance_accuracy_value', 'NONE');
#1316 =( GEOMETRIC_REPRESENTATION_CONTEXT ( 3 ) GLOBAL_UNCERTAINTY_ASSIGNED_CONTEXT ( ( #1315 ) ) GLOBAL_UNIT_ASSIGNED_CONTEXT ( ( #1312, #1313, #1314 ) ) REPRESENTATION_CONTEXT ( 'NONE', 'WORKASPACE' ) );
#1317 = PLANE ( 'NONE',  #1318 ) ;
#1318 = AXIS2_PLACEMENT_3D ( 'NONE', #1319, #1323, #1324 ) ;
#1319 = CARTESIAN_POINT ( 'NONE',  ( -3.600000000000000100, 0.05000000000000000300, 0.8499999999999999800 ) ) ;
#1320 = ORIENTED_EDGE ( 'NONE', *, *, #1628, .T. ) ;
#1321 = ORIENTED_EDGE ( 'NONE', *, *, #1418, .T. ) ;
#1322 = VERTEX_POINT ( 'NONE', #416 ) ;
#1323 = DIRECTION ( 'NONE',  ( 0.0000000000000000000, 0.0000000000000000000, -1.000000000000000000 ) ) ;
#1324 = DIRECTION ( 'NONE',  ( -1.000000000000000000, 0.0000000000000000000, 0.0000000000000000000 ) ) ;
#1325 = CARTESIAN_POINT ( 'NONE',  ( -2.299999999999999800, 0.2999999999999999900, 0.4500000000000000100 ) ) ;
#1326 = CARTESIAN_POINT ( 'NONE',  ( 4.000000000000000000, -0.5999999999999999800, 0.4749999999999999800 ) ) ;
#1327 = CARTESIAN_POINT ( 'NONE',  ( -1.200000000000000000, 0.1000000000000000100, -1.899999999999999900 ) ) ;
#1328 = CARTESIAN_POINT ( 'NONE',  ( -3.100000000000000100, 0.2999999999999999900, 0.8499999999999999800 ) ) ;
#1329 = LINE ( 'NONE', #1330, #1331 ) ;
#1330 = CARTESIAN_POINT ( 'NONE',  ( 6.299999999999999800, 0.2999999999999999900, 0.4500000000000000100 ) ) ;
#1331 = VECTOR ( 'NONE', #1332, 1000.000000000000000 ) ;
#1332 = DIRECTION ( 'NONE',  ( -1.000000000000000000, 2.032879073410319800E-016, 0.0000000000000000000 ) ) ;
#1333 = LINE ( 'NONE', #1334, #1335 ) ;
#1334 = CARTESIAN_POINT ( 'NONE',  ( 0.3600000000000000400, 2.200000000000000200, 0.8499999999999999800 ) ) ;
#1335 = VECTOR ( 'NONE', #1336, 1000.000000000000000 ) ;
#1336 = DIRECTION ( 'NONE',  ( 0.0000000000000000000, 1.000000000000000000, 0.0000000000000000000 ) ) ;
#1337 = LINE ( 'NONE', #1338, #1342 ) ;
#1338 = CARTESIAN_POINT ( 'NONE',  ( -0.2400000000000000200, -0.05784098738882129800, -1.350000000000000100 ) ) ;
#1339 = EDGE_LOOP ( 'NONE', ( #1565, #2335, #1976, #1301 ) ) ;
#1340 = EDGE_CURVE ( 'NONE', #501, #1322, #417, .T. ) ;
#1341 = ORIENTED_EDGE ( 'NONE', *, *, #1614, .F. ) ;
#1342 = VECTOR ( 'NONE', #1343, 1000.000000000000000 ) ;
#1343 = DIRECTION ( 'NONE',  ( 0.0000000000000000000, 0.0000000000000000000, 1.000000000000000000 ) ) ;
#1344 = CARTESIAN_POINT ( 'NONE',  ( 0.5000000000000000000, -0.1755002001601605200, 0.8499999999999999800 ) ) ;
#1345 = CARTESIAN_POINT ( 'NONE',  ( 7.100000000000000500, 0.05000000000000000300, -0.2999999999999999900 ) ) ;
#1346 = LINE ( 'NONE', #1347, #1348 ) ;
#1347 = CARTESIAN_POINT ( 'NONE',  ( 5.200000000000000200, -7.443117626371360100, 1.899999999999999900 ) ) ;
#1348 = VECTOR ( 'NONE', #1349, 1000.000000000000000 ) ;
#1349 = DIRECTION ( 'NONE',  ( 0.0000000000000000000, 1.000000000000000000, 0.0000000000000000000 ) ) ;
#1350 = LINE ( 'NONE', #1351, #1352 ) ;
#1351 = CARTESIAN_POINT ( 'NONE',  ( -2.600000000000000100, 0.4500000000000000100, -1.399999999999999900 ) ) ;
#1352 = VECTOR ( 'NONE', #1353, 1000.000000000000000 ) ;
#1353 = DIRECTION ( 'NONE',  ( 0.0000000000000000000, -1.000000000000000000, 0.0000000000000000000 ) ) ;
#1354 = CARTESIAN_POINT ( 'NONE',  ( -3.600000000000000100, 0.4500000000000000100, 0.4500000000000000100 ) ) ;
#1355 = LINE ( 'NONE', #1356, #1357 ) ;
#1356 = CARTESIAN_POINT ( 'NONE',  ( 0.2400000000000000200, -0.05784098738882090300, 1.350000000000000100 ) ) ;
#1357 = VECTOR ( 'NONE', #1361, 1000.000000000000000 ) ;
#1358 = ORIENTED_EDGE ( 'NONE', *, *, #1772, .T. ) ;
#1359 = ORIENTED_EDGE ( 'NONE', *, *, #1489, .F. ) ;
#1360 = ORIENTED_EDGE ( 'NONE', *, *, #2, .T. ) ;
#1361 = DIRECTION ( 'NONE',  ( 0.0000000000000000000, 0.0000000000000000000, -1.000000000000000000 ) ) ;
#1362 = CARTESIAN_POINT ( 'NONE',  ( 0.3600000000000000400, 2.200000000000000200, -0.8499999999999999800 ) ) ;
#1363 = FACE_OUTER_BOUND ( 'NONE', #824, .T. ) ;
#1364 = COLOUR_RGB ( '',0.7490196078431372600, 0.7490196078431372600, 0.7490196078431372600 ) ;
#1365 = FILL_AREA_STYLE_COLOUR ( '', #1364 ) ;
#1366 = FILL_AREA_STYLE ('',( #1365 ) ) ;
#1367 = SURFACE_STYLE_FILL_AREA ( #1366 ) ;
#1368 = SURFACE_SIDE_STYLE ('',( #1367 ) ) ;
#1369 = SURFACE_STYLE_USAGE ( .BOTH. , #1368 ) ;
#1370 = PRESENTATION_STYLE_ASSIGNMENT (( #1369 ) ) ;
#1371 = STYLED_ITEM ( 'NONE', ( #1370 ), #1635 ) ;
#1372 = PRESENTATION_LAYER_ASSIGNMENT (  '', '', ( #1371 ) ) ;
#1373 = MECHANICAL_DESIGN_GEOMETRIC_PRESENTATION_REPRESENTATION (  '', ( #1371 ), #1383 ) ;
#1374 =( LENGTH_UNIT ( ) NAMED_UNIT ( * ) SI_UNIT ( .MILLI., .METRE. ) );
#1375 =( NAMED_UNIT ( * ) PLANE_ANGLE_UNIT ( ) SI_UNIT ( $, .RADIAN. ) );
#1376 =( NAMED_UNIT ( * ) SI_UNIT ( $, .STERADIAN. ) SOLID_ANGLE_UNIT ( ) );
#1377 = ORIENTED_EDGE ( 'NONE', *, *, #1019, .T. ) ;
#1378 = ORIENTED_EDGE ( 'NONE', *, *, #1505, .T. ) ;
#1379 = ORIENTED_EDGE ( 'NONE', *, *, #1555, .T. ) ;
#1380 = ORIENTED_EDGE ( 'NONE', *, *, #1418, .F. ) ;
#1381 = ORIENTED_EDGE ( 'NONE', *, *, #1770, .T. ) ;
#1382 = UNCERTAINTY_MEASURE_WITH_UNIT (LENGTH_MEASURE( 1.000000000000000100E-005 ), #1374, 'distance_accuracy_value', 'NONE');
#1383 =( GEOMETRIC_REPRESENTATION_CONTEXT ( 3 ) GLOBAL_UNCERTAINTY_ASSIGNED_CONTEXT ( ( #1382 ) ) GLOBAL_UNIT_ASSIGNED_CONTEXT ( ( #1374, #1375, #1376 ) ) REPRESENTATION_CONTEXT ( 'NONE', 'WORKASPACE' ) );
#1384 = PLANE ( 'NONE',  #1385 ) ;
#1385 = AXIS2_PLACEMENT_3D ( 'NONE', #1386, #1387, #1388 ) ;
#1386 = CARTESIAN_POINT ( 'NONE',  ( 7.599999999999999600, 0.05000000000000000300, 0.4500000000000000100 ) ) ;
#1387 = DIRECTION ( 'NONE',  ( 0.0000000000000000000, 0.0000000000000000000, -1.000000000000000000 ) ) ;
#1388 = DIRECTION ( 'NONE',  ( 1.000000000000000000, 0.0000000000000000000, 0.0000000000000000000 ) ) ;
#1389 = CARTESIAN_POINT ( 'NONE',  ( 7.599999999999999600, 0.4500000000000000100, 0.4500000000000000100 ) ) ;
#1390 = LINE ( 'NONE', #1391, #1392 ) ;
#1391 = CARTESIAN_POINT ( 'NONE',  ( 0.2400000000000000200, -0.05784098738882090300, -1.350000000000000100 ) ) ;
#1392 = VECTOR ( 'NONE', #1393, 1000.000000000000000 ) ;
#1393 = DIRECTION ( 'NONE',  ( 0.0000000000000000000, 0.0000000000000000000, 1.000000000000000000 ) ) ;
#1394 = FACE_OUTER_BOUND ( 'NONE', #922, .T. ) ;
#1395 = PLANE ( 'NONE',  #1396 ) ;
#1396 = AXIS2_PLACEMENT_3D ( 'NONE', #1397, #1399, #1400 ) ;
#1397 = CARTESIAN_POINT ( 'NONE',  ( 0.6200000000000000000, 2.200000000000000200, 0.8499999999999999800 ) ) ;
#1398 = ORIENTED_EDGE ( 'NONE', *, *, #1592, .F. ) ;
#1399 = DIRECTION ( 'NONE',  ( -1.000000000000000000, 0.0000000000000000000, -4.336808689942015300E-016 ) ) ;
#1400 = DIRECTION ( 'NONE',  ( -4.336808689942015300E-016, 0.0000000000000000000, 1.000000000000000000 ) ) ;
#1401 = LINE ( 'NONE', #1402, #1403 ) ;
#1402 = CARTESIAN_POINT ( 'NONE',  ( -1.200000000000000000, 0.0000000000000000000, 1.899999999999999900 ) ) ;
#1403 = VECTOR ( 'NONE', #1404, 1000.000000000000000 ) ;
#1404 = DIRECTION ( 'NONE',  ( 1.000000000000000000, 0.0000000000000000000, 2.371692252312040000E-016 ) ) ;
#1405 = FACE_OUTER_BOUND ( 'NONE', #1659, .T. ) ;
#1406 = COLOUR_RGB ( '',0.7490196078431372600, 0.7490196078431372600, 0.7490196078431372600 ) ;
#1407 = FILL_AREA_STYLE_COLOUR ( '', #1406 ) ;
#1408 = FILL_AREA_STYLE ('',( #1407 ) ) ;
#1409 = SURFACE_STYLE_FILL_AREA ( #1408 ) ;
#1410 = SURFACE_SIDE_STYLE ('',( #1409 ) ) ;
#1411 = SURFACE_STYLE_USAGE ( .BOTH. , #1410 ) ;
#1412 = PRESENTATION_STYLE_ASSIGNMENT (( #1411 ) ) ;
#1413 = STYLED_ITEM ( 'NONE', ( #1412 ), #1637 ) ;
#1414 = PRESENTATION_LAYER_ASSIGNMENT (  '', '', ( #1413 ) ) ;
#1415 = ORIENTED_EDGE ( 'NONE', *, *, #1639, .F. ) ;
#1416 = EDGE_CURVE ( 'NONE', #1956, #1657, #427, .T. ) ;
#1417 = ORIENTED_EDGE ( 'NONE', *, *, #1507, .F. ) ;
#1418 = EDGE_CURVE ( 'NONE', #1495, #1526, #437, .T. ) ;
#1419 = MECHANICAL_DESIGN_GEOMETRIC_PRESENTATION_REPRESENTATION (  '', ( #1413 ), #1424 ) ;
#1420 =( LENGTH_UNIT ( ) NAMED_UNIT ( * ) SI_UNIT ( .MILLI., .METRE. ) );
#1421 =( NAMED_UNIT ( * ) PLANE_ANGLE_UNIT ( ) SI_UNIT ( $, .RADIAN. ) );
#1422 =( NAMED_UNIT ( * ) SI_UNIT ( $, .STERADIAN. ) SOLID_ANGLE_UNIT ( ) );
#1423 = UNCERTAINTY_MEASURE_WITH_UNIT (LENGTH_MEASURE( 1.000000000000000100E-005 ), #1420, 'distance_accuracy_value', 'NONE');
#1424 =( GEOMETRIC_REPRESENTATION_CONTEXT ( 3 ) GLOBAL_UNCERTAINTY_ASSIGNED_CONTEXT ( ( #1423 ) ) GLOBAL_UNIT_ASSIGNED_CONTEXT ( ( #1420, #1421, #1422 ) ) REPRESENTATION_CONTEXT ( 'NONE', 'WORKASPACE' ) );
#1425 = PLANE ( 'NONE',  #1426 ) ;
#1426 = AXIS2_PLACEMENT_3D ( 'NONE', #1427, #1428, #1429 ) ;
#1427 = CARTESIAN_POINT ( 'NONE',  ( -3.600000000000000100, 1.100000000000000100, 0.4500000000000000100 ) ) ;
#1428 = DIRECTION ( 'NONE',  ( -1.000000000000000000, 0.0000000000000000000, 0.0000000000000000000 ) ) ;
#1429 = DIRECTION ( 'NONE',  ( 0.0000000000000000000, 0.0000000000000000000, 1.000000000000000000 ) ) ;
#1430 = LINE ( 'NONE', #1431, #1432 ) ;
#1431 = CARTESIAN_POINT ( 'NONE',  ( 0.3600000000000000400, 3.000000000000000000, 0.8499999999999999800 ) ) ;
#1432 = VECTOR ( 'NONE', #1433, 1000.000000000000000 ) ;
#1433 = DIRECTION ( 'NONE',  ( 1.000000000000000000, 0.0000000000000000000, 4.170008355713470200E-016 ) ) ;
#1434 = LINE ( 'NONE', #1438, #1439 ) ;
#1435 = VERTEX_POINT ( 'NONE', #448 ) ;
#1436 = VERTEX_POINT ( 'NONE', #449 ) ;
#1437 = ORIENTED_EDGE ( 'NONE', *, *, #1130, .T. ) ;
#1438 = CARTESIAN_POINT ( 'NONE',  ( -2.299999999999999800, 3.000000000000000000, 2.399999999999999900 ) ) ;
#1439 = VECTOR ( 'NONE', #1440, 1000.000000000000000 ) ;
#1440 = DIRECTION ( 'NONE',  ( 0.0000000000000000000, -1.000000000000000000, 0.0000000000000000000 ) ) ;
#1441 = CARTESIAN_POINT ( 'NONE',  ( 7.100000000000000500, 0.2999999999999999900, 0.8499999999999999800 ) ) ;
#1442 = LINE ( 'NONE', #1443, #1444 ) ;
#1443 = CARTESIAN_POINT ( 'NONE',  ( 0.2400000000000000200, -0.8000000000000000400, 1.350000000000000100 ) ) ;
#1444 = VECTOR ( 'NONE', #1445, 1000.000000000000000 ) ;
#1445 = DIRECTION ( 'NONE',  ( 1.000000000000000000, 0.0000000000000000000, 0.0000000000000000000 ) ) ;
#1446 = LINE ( 'NONE', #1447, #1448 ) ;
#1447 = CARTESIAN_POINT ( 'NONE',  ( 7.100000000000000500, 0.2999999999999999900, 0.4500000000000000100 ) ) ;
#1448 = VECTOR ( 'NONE', #1449, 1000.000000000000000 ) ;
#1449 = DIRECTION ( 'NONE',  ( 0.0000000000000000000, 0.0000000000000000000, 1.000000000000000000 ) ) ;
#1450 = CARTESIAN_POINT ( 'NONE',  ( 0.0000000000000000000, -0.5999999999999999800, 0.4749999999999999800 ) ) ;
#1451 = FACE_BOUND ( 'NONE', #881, .T. ) ;
#1452 = FACE_OUTER_BOUND ( 'NONE', #1510, .T. ) ;
#1453 = FACE_BOUND ( 'NONE', #825, .T. ) ;
#1454 = ORIENTED_EDGE ( 'NONE', *, *, #1494, .F. ) ;
#1455 = ORIENTED_EDGE ( 'NONE', *, *, #1760, .T. ) ;
#1456 = PLANE ( 'NONE',  #1457 ) ;
#1457 = AXIS2_PLACEMENT_3D ( 'NONE', #1458, #1459, #1460 ) ;
#1458 = CARTESIAN_POINT ( 'NONE',  ( 0.0000000000000000000, 0.0000000000000000000, 0.0000000000000000000 ) ) ;
#1459 = DIRECTION ( 'NONE',  ( 0.0000000000000000000, 1.000000000000000000, 0.0000000000000000000 ) ) ;
#1460 = DIRECTION ( 'NONE',  ( 0.0000000000000000000, 0.0000000000000000000, 1.000000000000000000 ) ) ;
#1461 = LINE ( 'NONE', #1462, #1463 ) ;
#1462 = CARTESIAN_POINT ( 'NONE',  ( -2.299999999999999800, 3.000000000000000000, 2.399999999999999900 ) ) ;
#1463 = VECTOR ( 'NONE', #1464, 1000.000000000000000 ) ;
#1464 = DIRECTION ( 'NONE',  ( 1.000000000000000000, 0.0000000000000000000, 0.0000000000000000000 ) ) ;
#1465 = LINE ( 'NONE', #1466, #1467 ) ;
#1466 = CARTESIAN_POINT ( 'NONE',  ( 0.2400000000000000200, -0.8000000000000000400, -1.350000000000000100 ) ) ;
#1467 = VECTOR ( 'NONE', #1468, 1000.000000000000000 ) ;
#1468 = DIRECTION ( 'NONE',  ( -1.000000000000000000, 0.0000000000000000000, 0.0000000000000000000 ) ) ;
#1469 = LINE ( 'NONE', #1470, #1471 ) ;
#1470 = CARTESIAN_POINT ( 'NONE',  ( 6.299999999999999800, 0.1000000000000000100, -2.399999999999999900 ) ) ;
#1471 = VECTOR ( 'NONE', #1473, 1000.000000000000000 ) ;
#1472 = ORIENTED_EDGE ( 'NONE', *, *, #743, .T. ) ;
#1473 = DIRECTION ( 'NONE',  ( -1.807003620809174900E-016, 0.0000000000000000000, -1.000000000000000000 ) ) ;
#1474 = LINE ( 'NONE', #1475, #1476 ) ;
#1475 = CARTESIAN_POINT ( 'NONE',  ( 1.100000000000000100, 2.200000000000000200, -1.350000000000000100 ) ) ;
#1476 = VECTOR ( 'NONE', #1477, 1000.000000000000000 ) ;
#1477 = DIRECTION ( 'NONE',  ( 0.0000000000000000000, 1.000000000000000000, 0.0000000000000000000 ) ) ;
#1478 = LINE ( 'NONE', #1479, #1480 ) ;
#1479 = CARTESIAN_POINT ( 'NONE',  ( -3.100000000000000100, 0.05000000000000000300, 0.8499999999999999800 ) ) ;
#1480 = VECTOR ( 'NONE', #1481, 1000.000000000000000 ) ;
#1481 = DIRECTION ( 'NONE',  ( 1.000000000000000000, 0.0000000000000000000, 0.0000000000000000000 ) ) ;
#1482 = CARTESIAN_POINT ( 'NONE',  ( 7.599999999999999600, 0.05000000000000000300, -1.399999999999999900 ) ) ;
#1483 = CARTESIAN_POINT ( 'NONE',  ( 6.299999999999999800, 0.2999999999999999900, 0.8499999999999999800 ) ) ;
#1484 = LINE ( 'NONE', #1485, #1486 ) ;
#1485 = CARTESIAN_POINT ( 'NONE',  ( 1.360000000000000100, 2.200000000000000200, -0.8499999999999999800 ) ) ;
#1486 = VECTOR ( 'NONE', #1487, 1000.000000000000000 ) ;
#1487 = DIRECTION ( 'NONE',  ( 0.0000000000000000000, 1.000000000000000000, 0.0000000000000000000 ) ) ;
#1488 = CARTESIAN_POINT ( 'NONE',  ( 6.299999999999999800, 0.2999999999999999900, 0.4500000000000000100 ) ) ;
#1489 = EDGE_CURVE ( 'NONE', #1613, #910, #1830, .T. ) ;
#1490 = ORIENTED_EDGE ( 'NONE', *, *, #2388, .T. ) ;
#1491 = EDGE_LOOP ( 'NONE', ( #1695, #1722, #1619, #999 ) ) ;
#1492 = MANIFOLD_SOLID_BREP ( 'NONE', #1575 ) ;
#1493 = ORIENTED_EDGE ( 'NONE', *, *, #1621, .F. ) ;
#1494 = EDGE_CURVE ( 'NONE', #2317, #828, #1868, .T. ) ;
#1495 = VERTEX_POINT ( 'NONE', #1872 ) ;
#1496 = ORIENTED_EDGE ( 'NONE', *, *, #1636, .T. ) ;
#1497 = ORIENTED_EDGE ( 'NONE', *, *, #1506, .T. ) ;
#1498 = ORIENTED_EDGE ( 'NONE', *, *, #871, .F. ) ;
#1499 = ORIENTED_EDGE ( 'NONE', *, *, #1674, .F. ) ;
#1500 = EDGE_CURVE ( 'NONE', #1520, #1794, #1877, .T. ) ;
#1501 = ORIENTED_EDGE ( 'NONE', *, *, #836, .F. ) ;
#1502 = ORIENTED_EDGE ( 'NONE', *, *, #1796, .T. ) ;
#1503 = ORIENTED_EDGE ( 'NONE', *, *, #703, .T. ) ;
#1504 = ADVANCED_FACE ( 'NONE', ( #1886 ), #1887, .F. ) ;
#1505 = EDGE_CURVE ( 'NONE', #1436, #726, #1892, .T. ) ;
#1506 = EDGE_CURVE ( 'NONE', #1563, #1523, #1896, .T. ) ;
#1507 = EDGE_CURVE ( 'NONE', #910, #919, #1900, .T. ) ;
#1508 = ORIENTED_EDGE ( 'NONE', *, *, #308, .T. ) ;
#1509 = ORIENTED_EDGE ( 'NONE', *, *, #1721, .F. ) ;
#1510 = EDGE_LOOP ( 'NONE', ( #1562, #777, #771, #875 ) ) ;
#1511 = ORIENTED_EDGE ( 'NONE', *, *, #1539, .F. ) ;
#1512 = ORIENTED_EDGE ( 'NONE', *, *, #1539, .T. ) ;
#1513 = EDGE_CURVE ( 'NONE', #1811, #2043, #1909, .T. ) ;
#1514 = ADVANCED_FACE ( 'NONE', ( #1913 ), #1931, .F. ) ;
#1515 = ADVANCED_FACE ( 'NONE', ( #1941 ), #1960, .F. ) ;
#1516 = ORIENTED_EDGE ( 'NONE', *, *, #1552, .F. ) ;
#1517 = EDGE_CURVE ( 'NONE', #1786, #1281, #1965, .T. ) ;
#1518 = ORIENTED_EDGE ( 'NONE', *, *, #871, .T. ) ;
#1519 = ADVANCED_FACE ( 'NONE', ( #1973 ), #1974, .T. ) ;
#1520 = VERTEX_POINT ( 'NONE', #1987 ) ;
#1521 = ORIENTED_EDGE ( 'NONE', *, *, #1534, .F. ) ;
#1522 = EDGE_LOOP ( 'NONE', ( #1036, #1380, #692, #1360, #2390, #1680, #1472, #773 ) ) ;
#1523 = VERTEX_POINT ( 'NONE', #2000 ) ;
#1524 = ORIENTED_EDGE ( 'NONE', *, *, #1531, .T. ) ;
#1525 = VERTEX_POINT ( 'NONE', #2001 ) ;
#1526 = VERTEX_POINT ( 'NONE', #2002 ) ;
#1527 = ADVANCED_FACE ( 'NONE', ( #2003 ), #2004, .F. ) ;
#1528 = ORIENTED_EDGE ( 'NONE', *, *, #1540, .F. ) ;
#1529 = ORIENTED_EDGE ( 'NONE', *, *, #1541, .T. ) ;
#1530 = ADVANCED_FACE ( 'NONE', ( #2055 ), #2072, .T. ) ;
#1531 = EDGE_CURVE ( 'NONE', #1563, #1583, #2077, .T. ) ;
#1532 = ADVANCED_FACE ( 'NONE', ( #2087 ), #2088, .F. ) ;
#1533 = EDGE_CURVE ( 'NONE', #1557, #724, #2093, .T. ) ;
#1534 = EDGE_CURVE ( 'NONE', #2389, #1739, #2097, .T. ) ;
#1535 = ORIENTED_EDGE ( 'NONE', *, *, #1549, .T. ) ;
#1536 = ORIENTED_EDGE ( 'NONE', *, *, #1778, .T. ) ;
#1537 = EDGE_LOOP ( 'NONE', ( #1585, #1632, #714, #1733 ) ) ;
#1538 = ORIENTED_EDGE ( 'NONE', *, *, #1553, .F. ) ;
#1539 = EDGE_CURVE ( 'NONE', #1322, #750, #2118, .T. ) ;
#1540 = EDGE_CURVE ( 'NONE', #1624, #1566, #2135, .T. ) ;
#1541 = EDGE_CURVE ( 'NONE', #1609, #1807, #2139, .T. ) ;
#1542 = ORIENTED_EDGE ( 'NONE', *, *, #1554, .F. ) ;
#1543 = EDGE_LOOP ( 'NONE', ( #715, #746, #1823, #2179, #1151, #859 ) ) ;
#1544 = ORIENTED_EDGE ( 'NONE', *, *, #1581, .T. ) ;
#1545 = ORIENTED_EDGE ( 'NONE', *, *, #795, .T. ) ;
#1546 = ORIENTED_EDGE ( 'NONE', *, *, #1555, .F. ) ;
#1547 = EDGE_CURVE ( 'NONE', #691, #1574, #2191, .T. ) ;
#1548 = EDGE_LOOP ( 'NONE', ( #1597, #1792, #1824, #720 ) ) ;
#1549 = EDGE_CURVE ( 'NONE', #1523, #1578, #2203, .T. ) ;
#1550 = ORIENTED_EDGE ( 'NONE', *, *, #1561, .T. ) ;
#1551 = ADVANCED_FACE ( 'NONE', ( #2208 ), #2209, .T. ) ;
#1552 = EDGE_CURVE ( 'NONE', #1577, #1975, #2217, .T. ) ;
#1553 = EDGE_CURVE ( 'NONE', #1580, #834, #2225, .T. ) ;
#1554 = EDGE_CURVE ( 'NONE', #87, #1793, #2237, .T. ) ;
#1555 = EDGE_CURVE ( 'NONE', #1584, #1580, #2249, .T. ) ;
#1556 = ORIENTED_EDGE ( 'NONE', *, *, #1678, .T. ) ;
#1557 = VERTEX_POINT ( 'NONE', #2281 ) ;
#1558 = ORIENTED_EDGE ( 'NONE', *, *, #794, .T. ) ;
#1559 = EDGE_LOOP ( 'NONE', ( #774, #855, #1626, #1700 ) ) ;
#1560 = ORIENTED_EDGE ( 'NONE', *, *, #1854, .T. ) ;
#1561 = EDGE_CURVE ( 'NONE', #1719, #1586, #2286, .T. ) ;
#1562 = ORIENTED_EDGE ( 'NONE', *, *, #1186, .F. ) ;
#1563 = VERTEX_POINT ( 'NONE', #2290 ) ;
#1564 = EDGE_LOOP ( 'NONE', ( #862, #880, #790, #889 ) ) ;
#1565 = ORIENTED_EDGE ( 'NONE', *, *, #1579, .F. ) ;
#1566 = VERTEX_POINT ( 'NONE', #2306 ) ;
#1567 = EDGE_LOOP ( 'NONE', ( #1611, #1568, #1600, #500 ) ) ;
#1568 = ORIENTED_EDGE ( 'NONE', *, *, #1760, .F. ) ;
#1569 = ORIENTED_EDGE ( 'NONE', *, *, #1582, .F. ) ;
#1570 = ORIENTED_EDGE ( 'NONE', *, *, #1602, .T. ) ;
#1571 = ORIENTED_EDGE ( 'NONE', *, *, #812, .T. ) ;
#1572 = ORIENTED_EDGE ( 'NONE', *, *, #1696, .F. ) ;
#1573 = ORIENTED_EDGE ( 'NONE', *, *, #865, .F. ) ;
#1574 = VERTEX_POINT ( 'NONE', #2381 ) ;
#1575 = CLOSED_SHELL ( 'NONE', ( #1777, #940, #700, #1728, #785, #1637, #707, #894, #1820, #1683, #1530, #1787, #1596, #1587, #1532, #1504, #810, #519, #411, #776, #1607, #1734, #963, #870, #1747, #2336, #1647, #1133, #903, #1605, #1755, #1527, #1754, #765, #590, #1635, #1515, #740, #1681, #1608, #1590, #797, #847, #775, #1740, #1616, #1514, #890, #998, #801, #1752, #1825 ) ) ;
#1576 = ORIENTED_EDGE ( 'NONE', *, *, #1589, .T. ) ;
#1577 = VERTEX_POINT ( 'NONE', #2406 ) ;
#1578 = VERTEX_POINT ( 'NONE', #924 ) ;
#1579 = EDGE_CURVE ( 'NONE', #1601, #1956, #925, .T. ) ;
#1580 = VERTEX_POINT ( 'NONE', #933 ) ;
#1581 = EDGE_CURVE ( 'NONE', #1577, #834, #934, .T. ) ;
#1582 = EDGE_CURVE ( 'NONE', #1603, #723, #939, .T. ) ;
#1583 = VERTEX_POINT ( 'NONE', #948 ) ;
#1584 = VERTEX_POINT ( 'NONE', #949 ) ;
#1585 = ORIENTED_EDGE ( 'NONE', *, *, #1725, .T. ) ;
#1586 = VERTEX_POINT ( 'NONE', #955 ) ;
#1587 = ADVANCED_FACE ( 'NONE', ( #956, #957 ), #958, .T. ) ;
#1588 = VERTEX_POINT ( 'NONE', #967 ) ;
#1589 = EDGE_CURVE ( 'NONE', #1780, #1710, #972, .T. ) ;
#1590 = ADVANCED_FACE ( 'NONE', ( #991 ), #992, .T. ) ;
#1591 = ORIENTED_EDGE ( 'NONE', *, *, #1416, .T. ) ;
#1592 = EDGE_CURVE ( 'NONE', #772, #846, #997, .T. ) ;
#1593 = ORIENTED_EDGE ( 'NONE', *, *, #736, .T. ) ;
#1594 = EDGE_CURVE ( 'NONE', #1736, #919, #1011, .T. ) ;
#1595 = ORIENTED_EDGE ( 'NONE', *, *, #1621, .T. ) ;
#1596 = ADVANCED_FACE ( 'NONE', ( #1023, #1024 ), #1025, .F. ) ;
#1597 = ORIENTED_EDGE ( 'NONE', *, *, #1745, .T. ) ;
#1598 = ORIENTED_EDGE ( 'NONE', *, *, #1628, .F. ) ;
#1599 = VERTEX_POINT ( 'NONE', #1077 ) ;
#1600 = ORIENTED_EDGE ( 'NONE', *, *, #1696, .T. ) ;
#1601 = VERTEX_POINT ( 'NONE', #1113 ) ;
#1602 = EDGE_CURVE ( 'NONE', #1520, #723, #1119, .T. ) ;
#1603 = VERTEX_POINT ( 'NONE', #1124 ) ;
#1604 = ORIENTED_EDGE ( 'NONE', *, *, #1618, .T. ) ;
#1605 = ADVANCED_FACE ( 'NONE', ( #1136 ), #1137, .F. ) ;
#1606 = ORIENTED_EDGE ( 'NONE', *, *, #1614, .T. ) ;
#1607 = ADVANCED_FACE ( 'NONE', ( #1146 ), #1147, .F. ) ;
#1608 = ADVANCED_FACE ( 'NONE', ( #1166 ), #1167, .T. ) ;
#1609 = VERTEX_POINT ( 'NONE', #1173 ) ;
#1610 = ORIENTED_EDGE ( 'NONE', *, *, #1058, .T. ) ;
#1611 = ORIENTED_EDGE ( 'NONE', *, *, #1517, .F. ) ;
#1612 = EDGE_LOOP ( 'NONE', ( #767, #694, #728, #901 ) ) ;
#1613 = VERTEX_POINT ( 'NONE', #1203 ) ;
#1614 = EDGE_CURVE ( 'NONE', #772, #1609, #1229, .T. ) ;
#1615 = ORIENTED_EDGE ( 'NONE', *, *, #863, .T. ) ;
#1616 = ADVANCED_FACE ( 'NONE', ( #1233 ), #1253, .F. ) ;
#1617 = ORIENTED_EDGE ( 'NONE', *, *, #1206, .T. ) ;
#1618 = EDGE_CURVE ( 'NONE', #1557, #521, #1271, .T. ) ;
#1619 = ORIENTED_EDGE ( 'NONE', *, *, #1993, .T. ) ;
#1620 = VERTEX_POINT ( 'NONE', #1284 ) ;
#1621 = EDGE_CURVE ( 'NONE', #1975, #1603, #1293, .T. ) ;
#1622 = ORIENTED_EDGE ( 'NONE', *, *, #1634, .F. ) ;
#1623 = ORIENTED_EDGE ( 'NONE', *, *, #1679, .T. ) ;
#1624 = VERTEX_POINT ( 'NONE', #1325 ) ;
#1625 = VERTEX_POINT ( 'NONE', #1326 ) ;
#1626 = ORIENTED_EDGE ( 'NONE', *, *, #1640, .T. ) ;
#1627 = VERTEX_POINT ( 'NONE', #1328 ) ;
#1628 = EDGE_CURVE ( 'NONE', #445, #817, #1333, .T. ) ;
#1629 = EDGE_CURVE ( 'NONE', #1649, #1263, #1337, .T. ) ;
#1630 = EDGE_LOOP ( 'NONE', ( #826, #1542, #498, #2299 ) ) ;
#1631 = CLOSED_SHELL ( 'NONE', ( #1810, #1, #1519, #375, #853, #1658, #1551, #1817, #1723, #721, #1708, #1799, #943, #554 ) ) ;
#1632 = ORIENTED_EDGE ( 'NONE', *, *, #274, .F. ) ;
#1633 = EDGE_CURVE ( 'NONE', #1435, #1793, #1346, .T. ) ;
#1634 = EDGE_CURVE ( 'NONE', #1651, #1523, #1350, .T. ) ;
#1635 = ADVANCED_FACE ( 'NONE', ( #1363 ), #1384, .T. ) ;
#1636 = EDGE_CURVE ( 'NONE', #1655, #1435, #1401, .T. ) ;
#1637 = ADVANCED_FACE ( 'NONE', ( #1405 ), #1425, .T. ) ;
#1638 = EDGE_LOOP ( 'NONE', ( #2144, #1093, #1731, #1827 ) ) ;
#1639 = EDGE_CURVE ( 'NONE', #1525, #1129, #1461, .T. ) ;
#1640 = EDGE_CURVE ( 'NONE', #869, #1780, #1465, .T. ) ;
#1641 = ORIENTED_EDGE ( 'NONE', *, *, #1000, .T. ) ;
#1642 = EDGE_CURVE ( 'NONE', #1657, #1818, #1469, .T. ) ;
#1643 = ORIENTED_EDGE ( 'NONE', *, *, #756, .F. ) ;
#1644 = ORIENTED_EDGE ( 'NONE', *, *, #811, .F. ) ;
#1645 = EDGE_LOOP ( 'NONE', ( #1656, #708, #1784, #1698, #2316, #122 ) ) ;
#1646 = ORIENTED_EDGE ( 'NONE', *, *, #1654, .T. ) ;
#1647 = ADVANCED_FACE ( 'NONE', ( #3 ), #4, .F. ) ;
#1648 = ORIENTED_EDGE ( 'NONE', *, *, #1668, .F. ) ;
#1649 = VERTEX_POINT ( 'NONE', #14 ) ;
#1650 = ORIENTED_EDGE ( 'NONE', *, *, #1633, .F. ) ;
#1651 = VERTEX_POINT ( 'NONE', #44 ) ;
#1652 = ORIENTED_EDGE ( 'NONE', *, *, #1664, .F. ) ;
#1653 = ORIENTED_EDGE ( 'NONE', *, *, #1668, .T. ) ;
#1654 = EDGE_CURVE ( 'NONE', #839, #1300, #52, .T. ) ;
#1655 = VERTEX_POINT ( 'NONE', #64 ) ;
#1656 = ORIENTED_EDGE ( 'NONE', *, *, #1688, .T. ) ;
#1657 = VERTEX_POINT ( 'NONE', #104 ) ;
#1658 = ADVANCED_FACE ( 'NONE', ( #110 ), #111, .T. ) ;
#1659 = EDGE_LOOP ( 'NONE', ( #1524, #921, #1761, #393, #718, #831 ) ) ;
#1660 = ORIENTED_EDGE ( 'NONE', *, *, #1673, .F. ) ;
#1661 = EDGE_CURVE ( 'NONE', #1689, #806, #154, .T. ) ;
#1662 = ORIENTED_EDGE ( 'NONE', *, *, #1677, .F. ) ;
#1663 = ORIENTED_EDGE ( 'NONE', *, *, #1678, .F. ) ;
#1664 = EDGE_CURVE ( 'NONE', #902, #1613, #164, .T. ) ;
#1665 = ORIENTED_EDGE ( 'NONE', *, *, #1766, .T. ) ;
#1666 = EDGE_LOOP ( 'NONE', ( #1057, #1493, #1516, #1544 ) ) ;
#1667 = ORIENTED_EDGE ( 'NONE', *, *, #759, .T. ) ;
#1668 = EDGE_CURVE ( 'NONE', #1599, #1557, #172, .T. ) ;
#1669 = ORIENTED_EDGE ( 'NONE', *, *, #1056, .F. ) ;
#1670 = EDGE_CURVE ( 'NONE', #885, #1697, #193, .T. ) ;
#1671 = ORIENTED_EDGE ( 'NONE', *, *, #1679, .F. ) ;
#1672 = ORIENTED_EDGE ( 'NONE', *, *, #893, .T. ) ;
#1673 = EDGE_CURVE ( 'NONE', #699, #898, #205, .T. ) ;
#1674 = EDGE_CURVE ( 'NONE', #1704, #1627, #232, .T. ) ;
#1675 = EDGE_LOOP ( 'NONE', ( #879, #789, #876, #845 ) ) ;
#1676 = ORIENTED_EDGE ( 'NONE', *, *, #900, .F. ) ;
#1677 = EDGE_CURVE ( 'NONE', #1705, #1689, #250, .T. ) ;
#1678 = EDGE_CURVE ( 'NONE', #1226, #1627, #254, .T. ) ;
#1679 = EDGE_CURVE ( 'NONE', #1609, #1300, #258, .T. ) ;
#1680 = ORIENTED_EDGE ( 'NONE', *, *, #1701, .F. ) ;
#1681 = ADVANCED_FACE ( 'NONE', ( #304 ), #305, .T. ) ;
#1682 = ORIENTED_EDGE ( 'NONE', *, *, #1699, .F. ) ;
#1683 = ADVANCED_FACE ( 'NONE', ( #311 ), #328, .T. ) ;
#1684 = ORIENTED_EDGE ( 'NONE', *, *, #1703, .F. ) ;
#1685 = ORIENTED_EDGE ( 'NONE', *, *, #698, .T. ) ;
#1686 = EDGE_CURVE ( 'NONE', #1807, #839, #337, .T. ) ;
#1687 = ORIENTED_EDGE ( 'NONE', *, *, #1762, .F. ) ;
#1688 = EDGE_CURVE ( 'NONE', #919, #1713, #350, .T. ) ;
#1689 = VERTEX_POINT ( 'NONE', #360 ) ;
#1690 = ORIENTED_EDGE ( 'NONE', *, *, #1702, .T. ) ;
#1691 = ORIENTED_EDGE ( 'NONE', *, *, #1721, .T. ) ;
#1692 = ORIENTED_EDGE ( 'NONE', *, *, #1186, .T. ) ;
#1693 = ORIENTED_EDGE ( 'NONE', *, *, #1706, .T. ) ;
#1694 = ORIENTED_EDGE ( 'NONE', *, *, #1706, .F. ) ;
#1695 = ORIENTED_EDGE ( 'NONE', *, *, #1670, .F. ) ;
#1696 = EDGE_CURVE ( 'NONE', #1720, #849, #372, .T. ) ;
#1697 = VERTEX_POINT ( 'NONE', #377 ) ;
#1698 = ORIENTED_EDGE ( 'NONE', *, *, #1725, .F. ) ;
#1699 = EDGE_CURVE ( 'NONE', #1599, #1578, #398, .T. ) ;
#1700 = ORIENTED_EDGE ( 'NONE', *, *, #2354, .T. ) ;
#1701 = EDGE_CURVE ( 'NONE', #1710, #1263, #402, .T. ) ;
#1702 = EDGE_CURVE ( 'NONE', #699, #1495, #406, .T. ) ;
#1703 = EDGE_CURVE ( 'NONE', #806, #726, #410, .T. ) ;
#1704 = VERTEX_POINT ( 'NONE', #415 ) ;
#1705 = VERTEX_POINT ( 'NONE', #421 ) ;
#1706 = EDGE_CURVE ( 'NONE', #1651, #1599, #422, .T. ) ;
#1707 = ORIENTED_EDGE ( 'NONE', *, *, #1738, .T. ) ;
#1708 = ADVANCED_FACE ( 'NONE', ( #431 ), #432, .T. ) ;
#1709 = ORIENTED_EDGE ( 'NONE', *, *, #1517, .T. ) ;
#1710 = VERTEX_POINT ( 'NONE', #450 ) ;
#1711 = EDGE_LOOP ( 'NONE', ( #833, #1687, #719, #793 ) ) ;
#1712 = ORIENTED_EDGE ( 'NONE', *, *, #1629, .T. ) ;
#1713 = VERTEX_POINT ( 'NONE', #451 ) ;
#1714 = EDGE_CURVE ( 'NONE', #878, #1689, #452, .T. ) ;
#1715 = ORIENTED_EDGE ( 'NONE', *, *, #1724, .T. ) ;
#1716 = EDGE_LOOP ( 'NONE', ( #1748, #1641, #1685, #1718, #1758, #1812, #918, #1381, #1518, #1571, #1617, #1536 ) ) ;
#1717 = EDGE_LOOP ( 'NONE', ( #755, #803, #1497, #1535, #800, #841 ) ) ;
#1718 = ORIENTED_EDGE ( 'NONE', *, *, #1753, .T. ) ;
#1719 = VERTEX_POINT ( 'NONE', #460 ) ;
#1720 = VERTEX_POINT ( 'NONE', #461 ) ;
#1721 = EDGE_CURVE ( 'NONE', #1588, #1736, #462, .T. ) ;
#1722 = ORIENTED_EDGE ( 'NONE', *, *, #873, .F. ) ;
#1723 = ADVANCED_FACE ( 'NONE', ( #467 ), #468, .T. ) ;
#1724 = EDGE_CURVE ( 'NONE', #1300, #1737, #473, .T. ) ;
#1725 = EDGE_CURVE ( 'NONE', #1739, #1958, #478, .T. ) ;
#1726 = EDGE_LOOP ( 'NONE', ( #1503, #1676, #1501, #1358 ) ) ;
#1727 = EDGE_LOOP ( 'NONE', ( #271, #1660, #1690, #1321 ) ) ;
#1728 = ADVANCED_FACE ( 'NONE', ( #486 ), #506, .T. ) ;
#1729 = ORIENTED_EDGE ( 'NONE', *, *, #1742, .F. ) ;
#1730 = ORIENTED_EDGE ( 'NONE', *, *, #703, .F. ) ;
#1731 = ORIENTED_EDGE ( 'NONE', *, *, #1753, .F. ) ;
#1732 = ORIENTED_EDGE ( 'NONE', *, *, #1688, .F. ) ;
#1733 = ORIENTED_EDGE ( 'NONE', *, *, #1534, .T. ) ;
#1734 = ADVANCED_FACE ( 'NONE', ( #524 ), #525, .F. ) ;
#1735 = EDGE_LOOP ( 'NONE', ( #1773, #1828, #2355, #1378 ) ) ;
#1736 = VERTEX_POINT ( 'NONE', #530 ) ;
#1737 = VERTEX_POINT ( 'NONE', #531 ) ;
#1738 = EDGE_CURVE ( 'NONE', #1805, #1771, #532, .T. ) ;
#1739 = VERTEX_POINT ( 'NONE', #537 ) ;
#1740 = ADVANCED_FACE ( 'NONE', ( #538 ), #557, .F. ) ;
#1741 = VERTEX_POINT ( 'NONE', #562 ) ;
#1742 = EDGE_CURVE ( 'NONE', #1566, #1786, #568, .T. ) ;
#1743 = ORIENTED_EDGE ( 'NONE', *, *, #1749, .F. ) ;
#1744 = ORIENTED_EDGE ( 'NONE', *, *, #1054, .T. ) ;
#1745 = EDGE_CURVE ( 'NONE', #760, #2213, #581, .T. ) ;
#1746 = ORIENTED_EDGE ( 'NONE', *, *, #1778, .F. ) ;
#1747 = ADVANCED_FACE ( 'NONE', ( #585 ), #586, .F. ) ;
#1748 = ORIENTED_EDGE ( 'NONE', *, *, #737, .T. ) ;
#1749 = EDGE_CURVE ( 'NONE', #1771, #805, #1996, .T. ) ;
#1750 = ORIENTED_EDGE ( 'NONE', *, *, #1634, .T. ) ;
#1751 = ORIENTED_EDGE ( 'NONE', *, *, #1639, .T. ) ;
#1752 = ADVANCED_FACE ( 'NONE', ( #2015 ), #2031, .F. ) ;
#1753 = EDGE_CURVE ( 'NONE', #1776, #1577, #2037, .T. ) ;
#1754 = ADVANCED_FACE ( 'NONE', ( #2041 ), #2042, .F. ) ;
#1755 = ADVANCED_FACE ( 'NONE', ( #2049 ), #2050, .F. ) ;
#1756 = ORIENTED_EDGE ( 'NONE', *, *, #2061, .T. ) ;
#1757 = ORIENTED_EDGE ( 'NONE', *, *, #1594, .T. ) ;
#1758 = ORIENTED_EDGE ( 'NONE', *, *, #1552, .T. ) ;
#1759 = EDGE_LOOP ( 'NONE', ( #1795, #105, #555, #1904 ) ) ;
#1760 = EDGE_CURVE ( 'NONE', #1720, #1786, #2114, .T. ) ;
#1761 = ORIENTED_EDGE ( 'NONE', *, *, #1774, .F. ) ;
#1762 = EDGE_CURVE ( 'NONE', #839, #1803, #2130, .T. ) ;
#1763 = EDGE_LOOP ( 'NONE', ( #1816, #798, #1264, #2250, #1512, #1593 ) ) ;
#1764 = ORIENTED_EDGE ( 'NONE', *, *, #784, .T. ) ;
#1765 = VERTEX_POINT ( 'NONE', #2145 ) ;
#1766 = EDGE_CURVE ( 'NONE', #1793, #1811, #2176, .T. ) ;
#1767 = ORIENTED_EDGE ( 'NONE', *, *, #308, .F. ) ;
#1768 = EDGE_CURVE ( 'NONE', #868, #1790, #2186, .T. ) ;
#1769 = ORIENTED_EDGE ( 'NONE', *, *, #1594, .F. ) ;
#1770 = EDGE_CURVE ( 'NONE', #1794, #878, #2199, .T. ) ;
#1771 = VERTEX_POINT ( 'NONE', #2207 ) ;
#1772 = EDGE_CURVE ( 'NONE', #1741, #556, #2221, .T. ) ;
#1773 = ORIENTED_EDGE ( 'NONE', *, *, #701, .T. ) ;
#1774 = EDGE_CURVE ( 'NONE', #849, #1281, #2241, .T. ) ;
#1775 = EDGE_LOOP ( 'NONE', ( #819, #1743, #689, #1684, #829, #1662, #662, #1569, #1245, #1538, #1546, #896 ) ) ;
#1776 = VERTEX_POINT ( 'NONE', #2254 ) ;
#1777 = ADVANCED_FACE ( 'NONE', ( #2255 ), #2271, .F. ) ;
#1778 = EDGE_CURVE ( 'NONE', #1805, #754, #2276, .T. ) ;
#1779 = EDGE_LOOP ( 'NONE', ( #1053, #1496, #891, #1665 ) ) ;
#1780 = VERTEX_POINT ( 'NONE', #2280 ) ;
#1781 = EDGE_CURVE ( 'NONE', #764, #1765, #2282, .T. ) ;
#1782 = EDGE_LOOP ( 'NONE', ( #1502, #325, #607, #1558 ) ) ;
#1783 = EDGE_LOOP ( 'NONE', ( #1837, #2126, #1785, #1595 ) ) ;
#1784 = ORIENTED_EDGE ( 'NONE', *, *, #1819, .F. ) ;
#1785 = ORIENTED_EDGE ( 'NONE', *, *, #1822, .F. ) ;
#1786 = VERTEX_POINT ( 'NONE', #2291 ) ;
#1787 = ADVANCED_FACE ( 'NONE', ( #2293, #2294 ), #2295, .F. ) ;
#1788 = EDGE_LOOP ( 'NONE', ( #1650, #1692, #914, #751 ) ) ;
#1789 = ORIENTED_EDGE ( 'NONE', *, *, #1701, .T. ) ;
#1790 = VERTEX_POINT ( 'NONE', #2305 ) ;
#1791 = EDGE_LOOP ( 'NONE', ( #716, #783, #941, #1490 ) ) ;
#1792 = ORIENTED_EDGE ( 'NONE', *, *, #1993, .F. ) ;
#1793 = VERTEX_POINT ( 'NONE', #2311 ) ;
#1794 = VERTEX_POINT ( 'NONE', #2319 ) ;
#1795 = ORIENTED_EDGE ( 'NONE', *, *, #1677, .T. ) ;
#1796 = EDGE_CURVE ( 'NONE', #1818, #1601, #2357, .T. ) ;
#1797 = EDGE_LOOP ( 'NONE', ( #920, #1751, #1802, #1764 ) ) ;
#1798 = ORIENTED_EDGE ( 'NONE', *, *, #1489, .T. ) ;
#1799 = ADVANCED_FACE ( 'NONE', ( #2375 ), #2376, .T. ) ;
#1800 = ORIENTED_EDGE ( 'NONE', *, *, #1808, .T. ) ;
#1801 = ORIENTED_EDGE ( 'NONE', *, *, #1781, .F. ) ;
#1802 = ORIENTED_EDGE ( 'NONE', *, *, #1055, .T. ) ;
#1803 = VERTEX_POINT ( 'NONE', #938 ) ;
#1804 = ORIENTED_EDGE ( 'NONE', *, *, #1772, .F. ) ;
#1805 = VERTEX_POINT ( 'NONE', #947 ) ;
#1806 = ORIENTED_EDGE ( 'NONE', *, *, #725, .F. ) ;
#1807 = VERTEX_POINT ( 'NONE', #954 ) ;
#1808 = EDGE_CURVE ( 'NONE', #556, #699, #968, .T. ) ;
#1809 = ORIENTED_EDGE ( 'NONE', *, *, #1826, .T. ) ;
#1810 = ADVANCED_FACE ( 'NONE', ( #976 ), #977, .T. ) ;
#1811 = VERTEX_POINT ( 'NONE', #984 ) ;
#1812 = ORIENTED_EDGE ( 'NONE', *, *, #1822, .T. ) ;
#1813 = EDGE_LOOP ( 'NONE', ( #814, #1454, #942, #2318 ) ) ;
#1814 = EDGE_LOOP ( 'NONE', ( #1957, #804, #1648, #1694, #717, #747 ) ) ;
#1815 = EDGE_LOOP ( 'NONE', ( #856, #854, #897, #1821 ) ) ;
#1816 = ORIENTED_EDGE ( 'NONE', *, *, #744, .T. ) ;
#1817 = ADVANCED_FACE ( 'NONE', ( #1005 ), #1006, .T. ) ;
#1818 = VERTEX_POINT ( 'NONE', #1030 ) ;
#1819 = EDGE_CURVE ( 'NONE', #1958, #750, #1035, .T. ) ;
#1820 = ADVANCED_FACE ( 'NONE', ( #1040 ), #1062, .T. ) ;
#1821 = ORIENTED_EDGE ( 'NONE', *, *, #36, .F. ) ;
#1822 = EDGE_CURVE ( 'NONE', #1975, #1520, #1067, .T. ) ;
#1823 = ORIENTED_EDGE ( 'NONE', *, *, #155, .T. ) ;
#1824 = ORIENTED_EDGE ( 'NONE', *, *, #2061, .F. ) ;
#1825 = ADVANCED_FACE ( 'NONE', ( #1078 ), #1098, .F. ) ;
#1826 = EDGE_CURVE ( 'NONE', #792, #1601, #1103, .T. ) ;
#1827 = ORIENTED_EDGE ( 'NONE', *, *, #1922, .T. ) ;
#1828 = ORIENTED_EDGE ( 'NONE', *, *, #1738, .F. ) ;
#1829 = ORIENTED_EDGE ( 'NONE', *, *, #1673, .T. ) ;
#1830 = LINE ( 'NONE', #1831, #1832 ) ;
#1831 = CARTESIAN_POINT ( 'NONE',  ( 7.599999999999999600, 0.4500000000000000100, -1.399999999999999900 ) ) ;
#1832 = VECTOR ( 'NONE', #1833, 1000.000000000000000 ) ;
#1833 = DIRECTION ( 'NONE',  ( 0.0000000000000000000, -1.000000000000000000, 0.0000000000000000000 ) ) ;
#1834 = FACE_OUTER_BOUND ( 'NONE', #799, .T. ) ;
#1835 = PLANE ( 'NONE',  #1836 ) ;
#1836 = AXIS2_PLACEMENT_3D ( 'NONE', #1838, #1839, #1840 ) ;
#1837 = ORIENTED_EDGE ( 'NONE', *, *, #1582, .T. ) ;
#1838 = CARTESIAN_POINT ( 'NONE',  ( 0.5000000000000000000, -0.8000000000000000400, 0.8499999999999999800 ) ) ;
#1839 = DIRECTION ( 'NONE',  ( 4.170008355713480100E-016, 0.0000000000000000000, 1.000000000000000000 ) ) ;
#1840 = DIRECTION ( 'NONE',  ( 1.000000000000000000, 0.0000000000000000000, -4.170008355713480100E-016 ) ) ;
#1841 = LINE ( 'NONE', #1842, #1843 ) ;
#1842 = CARTESIAN_POINT ( 'NONE',  ( 0.2400000000000000200, -0.8000000000000000400, -0.8499999999999999800 ) ) ;
#1843 = VECTOR ( 'NONE', #1844, 1000.000000000000000 ) ;
#1844 = DIRECTION ( 'NONE',  ( 0.0000000000000000000, 1.000000000000000000, 0.0000000000000000000 ) ) ;
#1845 = COLOUR_RGB ( '',0.2784313725490196200, 0.4941176470588235500, 0.5882352941176470800 ) ;
#1846 = FILL_AREA_STYLE_COLOUR ( '', #1845 ) ;
#1847 = FILL_AREA_STYLE ('',( #1846 ) ) ;
#1848 = SURFACE_STYLE_FILL_AREA ( #1847 ) ;
#1849 = SURFACE_SIDE_STYLE ('',( #1848 ) ) ;
#1850 = SURFACE_STYLE_USAGE ( .BOTH. , #1849 ) ;
#1851 = PRESENTATION_STYLE_ASSIGNMENT (( #1850 ) ) ;
#1852 = STYLED_ITEM ( 'NONE', ( #1851 ), #1492 ) ;
#1853 = PRESENTATION_LAYER_ASSIGNMENT (  '', '', ( #1852 ) ) ;
#1854 = EDGE_CURVE ( 'NONE', #2043, #87, #1142, .T. ) ;
#1855 = ORIENTED_EDGE ( 'NONE', *, *, #904, .T. ) ;
#1856 = MECHANICAL_DESIGN_GEOMETRIC_PRESENTATION_REPRESENTATION (  '', ( #1852 ), #1861 ) ;
#1857 =( LENGTH_UNIT ( ) NAMED_UNIT ( * ) SI_UNIT ( .MILLI., .METRE. ) );
#1858 =( NAMED_UNIT ( * ) PLANE_ANGLE_UNIT ( ) SI_UNIT ( $, .RADIAN. ) );
#1859 =( NAMED_UNIT ( * ) SI_UNIT ( $, .STERADIAN. ) SOLID_ANGLE_UNIT ( ) );
#1860 = UNCERTAINTY_MEASURE_WITH_UNIT (LENGTH_MEASURE( 1.000000000000000100E-005 ), #1857, 'distance_accuracy_value', 'NONE');
#1861 =( GEOMETRIC_REPRESENTATION_CONTEXT ( 3 ) GLOBAL_UNCERTAINTY_ASSIGNED_CONTEXT ( ( #1860 ) ) GLOBAL_UNIT_ASSIGNED_CONTEXT ( ( #1857, #1858, #1859 ) ) REPRESENTATION_CONTEXT ( 'NONE', 'WORKASPACE' ) );
#1862 = LINE ( 'NONE', #1863, #1864 ) ;
#1863 = CARTESIAN_POINT ( 'NONE',  ( 4.000000000000000000, -0.5999999999999999800, 0.4749999999999999800 ) ) ;
#1864 = VECTOR ( 'NONE', #1865, 1000.000000000000000 ) ;
#1865 = DIRECTION ( 'NONE',  ( 0.0000000000000000000, 1.000000000000000000, 0.0000000000000000000 ) ) ;
#1866 = CARTESIAN_POINT ( 'NONE',  ( 0.6200000000000000000, 2.200000000000000200, 0.8499999999999999800 ) ) ;
#1867 = CARTESIAN_POINT ( 'NONE',  ( 5.200000000000000200, 0.1000000000000000100, -1.899999999999999900 ) ) ;
#1868 = LINE ( 'NONE', #1869, #1870 ) ;
#1869 = CARTESIAN_POINT ( 'NONE',  ( -0.5000000000000000000, -0.8000000000000000400, -0.8499999999999999800 ) ) ;
#1870 = VECTOR ( 'NONE', #1871, 1000.000000000000000 ) ;
#1871 = DIRECTION ( 'NONE',  ( 0.0000000000000000000, 1.000000000000000000, 0.0000000000000000000 ) ) ;
#1872 = CARTESIAN_POINT ( 'NONE',  ( 0.5000000000000000000, -0.8000000000000000400, -0.8499999999999999800 ) ) ;
#1873 = LINE ( 'NONE', #1874, #1875 ) ;
#1874 = CARTESIAN_POINT ( 'NONE',  ( 7.599999999999999600, 0.4500000000000000100, -1.399999999999999900 ) ) ;
#1875 = VECTOR ( 'NONE', #1876, 1000.000000000000000 ) ;
#1876 = DIRECTION ( 'NONE',  ( -1.000000000000000000, 0.0000000000000000000, 0.0000000000000000000 ) ) ;
#1877 = LINE ( 'NONE', #1878, #1879 ) ;
#1878 = CARTESIAN_POINT ( 'NONE',  ( 1.360000000000000100, 2.200000000000000200, -0.8499999999999999800 ) ) ;
#1879 = VECTOR ( 'NONE', #1880, 1000.000000000000000 ) ;
#1880 = DIRECTION ( 'NONE',  ( -1.275531967630006000E-016, 0.0000000000000000000, -1.000000000000000000 ) ) ;
#1881 = CIRCLE ( 'NONE', #1882, 0.4749999999999999800 ) ;
#1882 = AXIS2_PLACEMENT_3D ( 'NONE', #1883, #1884, #1885 ) ;
#1883 = CARTESIAN_POINT ( 'NONE',  ( 4.000000000000000000, -0.5999999999999999800, 0.0000000000000000000 ) ) ;
#1884 = DIRECTION ( 'NONE',  ( 0.0000000000000000000, -1.000000000000000000, 0.0000000000000000000 ) ) ;
#1885 = DIRECTION ( 'NONE',  ( 0.0000000000000000000, 0.0000000000000000000, 1.000000000000000000 ) ) ;
#1886 = FACE_OUTER_BOUND ( 'NONE', #1782, .T. ) ;
#1887 = PLANE ( 'NONE',  #1888 ) ;
#1888 = AXIS2_PLACEMENT_3D ( 'NONE', #1889, #1890, #1891 ) ;
#1889 = CARTESIAN_POINT ( 'NONE',  ( -2.299999999999999800, 3.000000000000000000, -2.399999999999999900 ) ) ;
#1890 = DIRECTION ( 'NONE',  ( 1.008560160451631900E-016, 0.0000000000000000000, 1.000000000000000000 ) ) ;
#1891 = DIRECTION ( 'NONE',  ( 1.000000000000000000, 0.0000000000000000000, -1.008560160451631900E-016 ) ) ;
#1892 = LINE ( 'NONE', #1893, #1894 ) ;
#1893 = CARTESIAN_POINT ( 'NONE',  ( 0.6200000000000000000, 2.200000000000000200, -1.350000000000000100 ) ) ;
#1894 = VECTOR ( 'NONE', #1895, 1000.000000000000000 ) ;
#1895 = DIRECTION ( 'NONE',  ( 0.0000000000000000000, 1.000000000000000000, 0.0000000000000000000 ) ) ;
#1896 = LINE ( 'NONE', #1897, #1898 ) ;
#1897 = CARTESIAN_POINT ( 'NONE',  ( -3.600000000000000100, 0.05000000000000000300, -1.399999999999999900 ) ) ;
#1898 = VECTOR ( 'NONE', #1899, 1000.000000000000000 ) ;
#1899 = DIRECTION ( 'NONE',  ( 1.000000000000000000, 0.0000000000000000000, 0.0000000000000000000 ) ) ;
#1900 = LINE ( 'NONE', #1901, #1902 ) ;
#1901 = CARTESIAN_POINT ( 'NONE',  ( 7.599999999999999600, 0.05000000000000000300, 0.4500000000000000100 ) ) ;
#1902 = VECTOR ( 'NONE', #1903, 1000.000000000000000 ) ;
#1903 = DIRECTION ( 'NONE',  ( 0.0000000000000000000, 0.0000000000000000000, 1.000000000000000000 ) ) ;
#1904 = ORIENTED_EDGE ( 'NONE', *, *, #2214, .T. ) ;
#1905 = LINE ( 'NONE', #1906, #1907 ) ;
#1906 = CARTESIAN_POINT ( 'NONE',  ( 6.599999999999999600, 0.4500000000000000100, -0.2999999999999999900 ) ) ;
#1907 = VECTOR ( 'NONE', #1908, 1000.000000000000000 ) ;
#1908 = DIRECTION ( 'NONE',  ( 0.0000000000000000000, -1.000000000000000000, 0.0000000000000000000 ) ) ;
#1909 = LINE ( 'NONE', #1910, #1911 ) ;
#1910 = CARTESIAN_POINT ( 'NONE',  ( -1.200000000000000000, 0.1000000000000000100, 1.899999999999999900 ) ) ;
#1911 = VECTOR ( 'NONE', #1912, 1000.000000000000000 ) ;
#1912 = DIRECTION ( 'NONE',  ( -1.141265444721583800E-016, 0.0000000000000000000, -1.000000000000000000 ) ) ;
#1913 = FACE_OUTER_BOUND ( 'NONE', #1543, .T. ) ;
#1914 = COLOUR_RGB ( '',0.7490196078431372600, 0.7490196078431372600, 0.7490196078431372600 ) ;
#1915 = FILL_AREA_STYLE_COLOUR ( '', #1914 ) ;
#1916 = FILL_AREA_STYLE ('',( #1915 ) ) ;
#1917 = SURFACE_STYLE_FILL_AREA ( #1916 ) ;
#1918 = SURFACE_SIDE_STYLE ('',( #1917 ) ) ;
#1919 = SURFACE_STYLE_USAGE ( .BOTH. , #1918 ) ;
#1920 = PRESENTATION_STYLE_ASSIGNMENT (( #1919 ) ) ;
#1921 = EDGE_LOOP ( 'NONE', ( #822, #796, #1804, #888, #911, #1341, #749, #786, #906, #851, #866, #272 ) ) ;
#1922 = EDGE_CURVE ( 'NONE', #1776, #1580, #1199, .T. ) ;
#1923 = STYLED_ITEM ( 'NONE', ( #1920 ), #1514 ) ;
#1924 = PRESENTATION_LAYER_ASSIGNMENT (  '', '', ( #1923 ) ) ;
#1925 = MECHANICAL_DESIGN_GEOMETRIC_PRESENTATION_REPRESENTATION (  '', ( #1923 ), #1930 ) ;
#1926 =( LENGTH_UNIT ( ) NAMED_UNIT ( * ) SI_UNIT ( .MILLI., .METRE. ) );
#1927 =( NAMED_UNIT ( * ) PLANE_ANGLE_UNIT ( ) SI_UNIT ( $, .RADIAN. ) );
#1928 =( NAMED_UNIT ( * ) SI_UNIT ( $, .STERADIAN. ) SOLID_ANGLE_UNIT ( ) );
#1929 = UNCERTAINTY_MEASURE_WITH_UNIT (LENGTH_MEASURE( 1.000000000000000100E-005 ), #1926, 'distance_accuracy_value', 'NONE');
#1930 =( GEOMETRIC_REPRESENTATION_CONTEXT ( 3 ) GLOBAL_UNCERTAINTY_ASSIGNED_CONTEXT ( ( #1929 ) ) GLOBAL_UNIT_ASSIGNED_CONTEXT ( ( #1926, #1927, #1928 ) ) REPRESENTATION_CONTEXT ( 'NONE', 'WORKASPACE' ) );
#1931 = PLANE ( 'NONE',  #1932 ) ;
#1932 = AXIS2_PLACEMENT_3D ( 'NONE', #1933, #1934, #1935 ) ;
#1933 = CARTESIAN_POINT ( 'NONE',  ( 7.599999999999999600, 0.4500000000000000100, -1.399999999999999900 ) ) ;
#1934 = DIRECTION ( 'NONE',  ( 0.0000000000000000000, -1.000000000000000000, 0.0000000000000000000 ) ) ;
#1935 = DIRECTION ( 'NONE',  ( 0.0000000000000000000, 0.0000000000000000000, -1.000000000000000000 ) ) ;
#1936 = LINE ( 'NONE', #1937, #1938 ) ;
#1937 = CARTESIAN_POINT ( 'NONE',  ( -3.100000000000000100, 0.05000000000000000300, 0.4500000000000000100 ) ) ;
#1938 = VECTOR ( 'NONE', #1940, 1000.000000000000000 ) ;
#1939 = MANIFOLD_SOLID_BREP ( 'NONE', #1631 ) ;
#1940 = DIRECTION ( 'NONE',  ( 0.0000000000000000000, -1.000000000000000000, 0.0000000000000000000 ) ) ;
#1941 = FACE_OUTER_BOUND ( 'NONE', #1548, .T. ) ;
#1942 = COLOUR_RGB ( '',0.7490196078431372600, 0.7490196078431372600, 0.7490196078431372600 ) ;
#1943 = FILL_AREA_STYLE_COLOUR ( '', #1942 ) ;
#1944 = FILL_AREA_STYLE ('',( #1943 ) ) ;
#1945 = SURFACE_STYLE_FILL_AREA ( #1944 ) ;
#1946 = SURFACE_SIDE_STYLE ('',( #1945 ) ) ;
#1947 = SURFACE_STYLE_USAGE ( .BOTH. , #1946 ) ;
#1948 = PRESENTATION_STYLE_ASSIGNMENT (( #1947 ) ) ;
#1949 = STYLED_ITEM ( 'NONE', ( #1948 ), #1515 ) ;
#1950 = PRESENTATION_LAYER_ASSIGNMENT (  '', '', ( #1949 ) ) ;
#1951 = MECHANICAL_DESIGN_GEOMETRIC_PRESENTATION_REPRESENTATION (  '', ( #1949 ), #1959 ) ;
#1952 =( LENGTH_UNIT ( ) NAMED_UNIT ( * ) SI_UNIT ( .MILLI., .METRE. ) );
#1953 =( NAMED_UNIT ( * ) PLANE_ANGLE_UNIT ( ) SI_UNIT ( $, .RADIAN. ) );
#1954 =( NAMED_UNIT ( * ) SI_UNIT ( $, .STERADIAN. ) SOLID_ANGLE_UNIT ( ) );
#1955 = UNCERTAINTY_MEASURE_WITH_UNIT (LENGTH_MEASURE( 1.000000000000000100E-005 ), #1952, 'distance_accuracy_value', 'NONE');
#1956 = VERTEX_POINT ( 'NONE', #1270 ) ;
#1957 = ORIENTED_EDGE ( 'NONE', *, *, #738, .F. ) ;
#1958 = VERTEX_POINT ( 'NONE', #1279 ) ;
#1959 =( GEOMETRIC_REPRESENTATION_CONTEXT ( 3 ) GLOBAL_UNCERTAINTY_ASSIGNED_CONTEXT ( ( #1955 ) ) GLOBAL_UNIT_ASSIGNED_CONTEXT ( ( #1952, #1953, #1954 ) ) REPRESENTATION_CONTEXT ( 'NONE', 'WORKASPACE' ) );
#1960 = PLANE ( 'NONE',  #1961 ) ;
#1961 = AXIS2_PLACEMENT_3D ( 'NONE', #1962, #1963, #1964 ) ;
#1962 = CARTESIAN_POINT ( 'NONE',  ( 6.299999999999999800, 0.2999999999999999900, 0.4500000000000000100 ) ) ;
#1963 = DIRECTION ( 'NONE',  ( 2.032879073410319800E-016, 1.000000000000000000, 0.0000000000000000000 ) ) ;
#1964 = DIRECTION ( 'NONE',  ( -1.000000000000000000, 2.032879073410319800E-016, 0.0000000000000000000 ) ) ;
#1965 = LINE ( 'NONE', #1966, #1967 ) ;
#1966 = CARTESIAN_POINT ( 'NONE',  ( -2.299999999999999800, 1.100000000000000100, 0.8499999999999999800 ) ) ;
#1967 = VECTOR ( 'NONE', #1968, 1000.000000000000000 ) ;
#1968 = DIRECTION ( 'NONE',  ( -1.000000000000000000, -1.668003342285389800E-016, 0.0000000000000000000 ) ) ;
#1969 = LINE ( 'NONE', #1970, #1971 ) ;
#1970 = CARTESIAN_POINT ( 'NONE',  ( 0.5000000000000000000, -0.1755002001601605200, -1.918176202843110200 ) ) ;
#1971 = VECTOR ( 'NONE', #1972, 1000.000000000000000 ) ;
#1972 = DIRECTION ( 'NONE',  ( 0.0000000000000000000, 0.0000000000000000000, 1.000000000000000000 ) ) ;
#1973 = FACE_OUTER_BOUND ( 'NONE', #1711, .T. ) ;
#1974 = PLANE ( 'NONE',  #1977 ) ;
#1975 = VERTEX_POINT ( 'NONE', #1280 ) ;
#1976 = ORIENTED_EDGE ( 'NONE', *, *, #1642, .F. ) ;
#1977 = AXIS2_PLACEMENT_3D ( 'NONE', #1978, #1979, #1980 ) ;
#1978 = CARTESIAN_POINT ( 'NONE',  ( 0.2400000000000000200, -0.8000000000000000400, 1.350000000000000100 ) ) ;
#1979 = DIRECTION ( 'NONE',  ( 0.0000000000000000000, 0.0000000000000000000, 1.000000000000000000 ) ) ;
#1980 = DIRECTION ( 'NONE',  ( 1.000000000000000000, 0.0000000000000000000, 0.0000000000000000000 ) ) ;
#1981 = FACE_OUTER_BOUND ( 'NONE', #704, .T. ) ;
#1982 = CYLINDRICAL_SURFACE ( 'NONE', #1983, 0.7800000000000000300 ) ;
#1983 = AXIS2_PLACEMENT_3D ( 'NONE', #1984, #1985, #1986 ) ;
#1984 = CARTESIAN_POINT ( 'NONE',  ( 3.252606517456515300E-016, -0.8000000000000000400, 1.350000000000000100 ) ) ;
#1985 = DIRECTION ( 'NONE',  ( 0.0000000000000000000, 0.0000000000000000000, -1.000000000000000000 ) ) ;
#1986 = DIRECTION ( 'NONE',  ( -1.000000000000000000, 0.0000000000000000000, 0.0000000000000000000 ) ) ;
#1987 = CARTESIAN_POINT ( 'NONE',  ( 1.360000000000000100, 2.200000000000000200, 0.8499999999999999800 ) ) ;
#1988 = FACE_OUTER_BOUND ( 'NONE', #1779, .T. ) ;
#1989 = PLANE ( 'NONE',  #1990 ) ;
#1990 = AXIS2_PLACEMENT_3D ( 'NONE', #1991, #1992, #1995 ) ;
#1991 = CARTESIAN_POINT ( 'NONE',  ( -1.200000000000000000, -7.443117626371360100, 1.899999999999999900 ) ) ;
#1992 = DIRECTION ( 'NONE',  ( 2.371692252312040000E-016, 0.0000000000000000000, -1.000000000000000000 ) ) ;
#1993 = EDGE_CURVE ( 'NONE', #2232, #2213, #1289, .T. ) ;
#1994 = ORIENTED_EDGE ( 'NONE', *, *, #742, .T. ) ;
#1995 = DIRECTION ( 'NONE',  ( -1.000000000000000000, 0.0000000000000000000, -2.371692252312040000E-016 ) ) ;
#1996 = LINE ( 'NONE', #1997, #1998 ) ;
#1997 = CARTESIAN_POINT ( 'NONE',  ( 0.3600000000000000400, 3.000000000000000000, -0.8499999999999999800 ) ) ;
#1998 = VECTOR ( 'NONE', #1999, 1000.000000000000000 ) ;
#1999 = DIRECTION ( 'NONE',  ( -1.000000000000000000, 0.0000000000000000000, 4.170008355713470200E-016 ) ) ;
#2000 = CARTESIAN_POINT ( 'NONE',  ( -2.600000000000000100, 0.05000000000000000300, -1.399999999999999900 ) ) ;
#2001 = CARTESIAN_POINT ( 'NONE',  ( -2.299999999999999800, 3.000000000000000000, 2.399999999999999900 ) ) ;
#2002 = CARTESIAN_POINT ( 'NONE',  ( 0.5000000000000000000, -0.1755002001601605200, -0.8499999999999999800 ) ) ;
#2003 = FACE_OUTER_BOUND ( 'NONE', #1564, .T. ) ;
#2004 = PLANE ( 'NONE',  #2005 ) ;
#2005 = AXIS2_PLACEMENT_3D ( 'NONE', #2006, #2007, #2008 ) ;
#2006 = CARTESIAN_POINT ( 'NONE',  ( 0.6200000000000000000, 2.200000000000000200, -1.350000000000000100 ) ) ;
#2007 = DIRECTION ( 'NONE',  ( 0.0000000000000000000, 0.0000000000000000000, -1.000000000000000000 ) ) ;
#2008 = DIRECTION ( 'NONE',  ( -1.000000000000000000, 0.0000000000000000000, 0.0000000000000000000 ) ) ;
#2009 = FACE_OUTER_BOUND ( 'NONE', #1921, .T. ) ;
#2010 = PLANE ( 'NONE',  #2011 ) ;
#2011 = AXIS2_PLACEMENT_3D ( 'NONE', #2012, #2013, #2014 ) ;
#2012 = CARTESIAN_POINT ( 'NONE',  ( 0.5000000000000000000, -0.8000000000000000400, -1.350000000000000100 ) ) ;
#2013 = DIRECTION ( 'NONE',  ( 0.0000000000000000000, 1.000000000000000000, 0.0000000000000000000 ) ) ;
#2014 = DIRECTION ( 'NONE',  ( 0.0000000000000000000, 0.0000000000000000000, 1.000000000000000000 ) ) ;
#2015 = FACE_OUTER_BOUND ( 'NONE', #917, .T. ) ;
#2016 = COLOUR_RGB ( '',0.7490196078431372600, 0.7490196078431372600, 0.7490196078431372600 ) ;
#2017 = FILL_AREA_STYLE_COLOUR ( '', #2016 ) ;
#2018 = FILL_AREA_STYLE ('',( #2017 ) ) ;
#2019 = SURFACE_STYLE_FILL_AREA ( #2018 ) ;
#2020 = SURFACE_SIDE_STYLE ('',( #2019 ) ) ;
#2021 = SURFACE_STYLE_USAGE ( .BOTH. , #2020 ) ;
#2022 = PRESENTATION_STYLE_ASSIGNMENT (( #2021 ) ) ;
#2023 = STYLED_ITEM ( 'NONE', ( #2022 ), #1752 ) ;
#2024 = PRESENTATION_LAYER_ASSIGNMENT (  '', '', ( #2023 ) ) ;
#2025 = MECHANICAL_DESIGN_GEOMETRIC_PRESENTATION_REPRESENTATION (  '', ( #2023 ), #2030 ) ;
#2026 =( LENGTH_UNIT ( ) NAMED_UNIT ( * ) SI_UNIT ( .MILLI., .METRE. ) );
#2027 =( NAMED_UNIT ( * ) PLANE_ANGLE_UNIT ( ) SI_UNIT ( $, .RADIAN. ) );
#2028 =( NAMED_UNIT ( * ) SI_UNIT ( $, .STERADIAN. ) SOLID_ANGLE_UNIT ( ) );
#2029 = UNCERTAINTY_MEASURE_WITH_UNIT (LENGTH_MEASURE( 1.000000000000000100E-005 ), #2026, 'distance_accuracy_value', 'NONE');
#2030 =( GEOMETRIC_REPRESENTATION_CONTEXT ( 3 ) GLOBAL_UNCERTAINTY_ASSIGNED_CONTEXT ( ( #2029 ) ) GLOBAL_UNIT_ASSIGNED_CONTEXT ( ( #2026, #2027, #2028 ) ) REPRESENTATION_CONTEXT ( 'NONE', 'WORKASPACE' ) );
#2031 = PLANE ( 'NONE',  #2032 ) ;
#2032 = AXIS2_PLACEMENT_3D ( 'NONE', #2033, #2034, #2035 ) ;
#2033 = CARTESIAN_POINT ( 'NONE',  ( 6.599999999999999600, 0.4500000000000000100, -0.2999999999999999900 ) ) ;
#2034 = DIRECTION ( 'NONE',  ( 0.0000000000000000000, 0.0000000000000000000, -1.000000000000000000 ) ) ;
#2035 = DIRECTION ( 'NONE',  ( -1.000000000000000000, 0.0000000000000000000, 0.0000000000000000000 ) ) ;
#2036 = CARTESIAN_POINT ( 'NONE',  ( 0.3600000000000000400, 2.200000000000000200, 0.8499999999999999800 ) ) ;
#2037 = LINE ( 'NONE', #2038, #2039 ) ;
#2038 = CARTESIAN_POINT ( 'NONE',  ( 0.6200000000000000000, 2.200000000000000200, 1.350000000000000100 ) ) ;
#2039 = VECTOR ( 'NONE', #2040, 1000.000000000000000 ) ;
#2040 = DIRECTION ( 'NONE',  ( 1.000000000000000000, 0.0000000000000000000, 0.0000000000000000000 ) ) ;
#2041 = FACE_OUTER_BOUND ( 'NONE', #1735, .T. ) ;
#2042 = PLANE ( 'NONE',  #2045 ) ;
#2043 = VERTEX_POINT ( 'NONE', #1327 ) ;
#2044 = EDGE_LOOP ( 'NONE', ( #1591, #832, #1415, #1667 ) ) ;
#2045 = AXIS2_PLACEMENT_3D ( 'NONE', #2046, #2047, #2048 ) ;
#2046 = CARTESIAN_POINT ( 'NONE',  ( 0.6200000000000000000, 2.200000000000000200, -1.350000000000000100 ) ) ;
#2047 = DIRECTION ( 'NONE',  ( -1.000000000000000000, 0.0000000000000000000, 1.517883041479705000E-015 ) ) ;
#2048 = DIRECTION ( 'NONE',  ( 1.517883041479705000E-015, 0.0000000000000000000, 1.000000000000000000 ) ) ;
#2049 = FACE_OUTER_BOUND ( 'NONE', #1783, .T. ) ;
#2050 = PLANE ( 'NONE',  #2051 ) ;
#2051 = AXIS2_PLACEMENT_3D ( 'NONE', #2052, #2053, #2054 ) ;
#2052 = CARTESIAN_POINT ( 'NONE',  ( 1.100000000000000100, 2.200000000000000200, 0.8499999999999999800 ) ) ;
#2053 = DIRECTION ( 'NONE',  ( 4.170008355713485000E-016, 0.0000000000000000000, 1.000000000000000000 ) ) ;
#2054 = DIRECTION ( 'NONE',  ( 1.000000000000000000, 0.0000000000000000000, -4.170008355713485000E-016 ) ) ;
#2055 = FACE_OUTER_BOUND ( 'NONE', #1567, .T. ) ;
#2056 = COLOUR_RGB ( '',0.7490196078431372600, 0.7490196078431372600, 0.7490196078431372600 ) ;
#2057 = FILL_AREA_STYLE_COLOUR ( '', #2056 ) ;
#2058 = FILL_AREA_STYLE ('',( #2057 ) ) ;
#2059 = SURFACE_STYLE_FILL_AREA ( #2058 ) ;
#2060 = SURFACE_SIDE_STYLE ('',( #2059 ) ) ;
#2061 = EDGE_CURVE ( 'NONE', #1586, #2232, #1329, .T. ) ;
#2062 = SURFACE_STYLE_USAGE ( .BOTH. , #2060 ) ;
#2063 = PRESENTATION_STYLE_ASSIGNMENT (( #2062 ) ) ;
#2064 = STYLED_ITEM ( 'NONE', ( #2063 ), #1530 ) ;
#2065 = PRESENTATION_LAYER_ASSIGNMENT (  '', '', ( #2064 ) ) ;
#2066 = MECHANICAL_DESIGN_GEOMETRIC_PRESENTATION_REPRESENTATION (  '', ( #2064 ), #2071 ) ;
#2067 =( LENGTH_UNIT ( ) NAMED_UNIT ( * ) SI_UNIT ( .MILLI., .METRE. ) );
#2068 =( NAMED_UNIT ( * ) PLANE_ANGLE_UNIT ( ) SI_UNIT ( $, .RADIAN. ) );
#2069 =( NAMED_UNIT ( * ) SI_UNIT ( $, .STERADIAN. ) SOLID_ANGLE_UNIT ( ) );
#2070 = UNCERTAINTY_MEASURE_WITH_UNIT (LENGTH_MEASURE( 1.000000000000000100E-005 ), #2067, 'distance_accuracy_value', 'NONE');
#2071 =( GEOMETRIC_REPRESENTATION_CONTEXT ( 3 ) GLOBAL_UNCERTAINTY_ASSIGNED_CONTEXT ( ( #2070 ) ) GLOBAL_UNIT_ASSIGNED_CONTEXT ( ( #2067, #2068, #2069 ) ) REPRESENTATION_CONTEXT ( 'NONE', 'WORKASPACE' ) );
#2072 = PLANE ( 'NONE',  #2073 ) ;
#2073 = AXIS2_PLACEMENT_3D ( 'NONE', #2074, #2075, #2076 ) ;
#2074 = CARTESIAN_POINT ( 'NONE',  ( -2.299999999999999800, 1.100000000000000100, 0.4500000000000000100 ) ) ;
#2075 = DIRECTION ( 'NONE',  ( -1.668003342285389800E-016, 1.000000000000000000, 0.0000000000000000000 ) ) ;
#2076 = DIRECTION ( 'NONE',  ( -1.000000000000000000, -1.668003342285389800E-016, 0.0000000000000000000 ) ) ;
#2077 = LINE ( 'NONE', #2078, #2079 ) ;
#2078 = CARTESIAN_POINT ( 'NONE',  ( -3.600000000000000100, 0.05000000000000000300, 0.4500000000000000100 ) ) ;
#2079 = VECTOR ( 'NONE', #2080, 1000.000000000000000 ) ;
#2080 = DIRECTION ( 'NONE',  ( 0.0000000000000000000, 0.0000000000000000000, 1.000000000000000000 ) ) ;
#2081 = CARTESIAN_POINT ( 'NONE',  ( 6.599999999999999600, 0.4500000000000000100, -0.2999999999999999900 ) ) ;
#2082 = CIRCLE ( 'NONE', #2083, 0.4749999999999999800 ) ;
#2083 = AXIS2_PLACEMENT_3D ( 'NONE', #2084, #2085, #2086 ) ;
#2084 = CARTESIAN_POINT ( 'NONE',  ( 4.000000000000000000, 0.0000000000000000000, 0.0000000000000000000 ) ) ;
#2085 = DIRECTION ( 'NONE',  ( 0.0000000000000000000, -1.000000000000000000, 0.0000000000000000000 ) ) ;
#2086 = DIRECTION ( 'NONE',  ( 0.0000000000000000000, 0.0000000000000000000, 1.000000000000000000 ) ) ;
#2087 = FACE_OUTER_BOUND ( 'NONE', #2044, .T. ) ;
#2088 = PLANE ( 'NONE',  #2089 ) ;
#2089 = AXIS2_PLACEMENT_3D ( 'NONE', #2090, #2091, #2092 ) ;
#2090 = CARTESIAN_POINT ( 'NONE',  ( -2.299999999999999800, 3.000000000000000000, 2.399999999999999900 ) ) ;
#2091 = DIRECTION ( 'NONE',  ( 0.0000000000000000000, 0.0000000000000000000, -1.000000000000000000 ) ) ;
#2092 = DIRECTION ( 'NONE',  ( -1.000000000000000000, 0.0000000000000000000, 0.0000000000000000000 ) ) ;
#2093 = LINE ( 'NONE', #2094, #2095 ) ;
#2094 = CARTESIAN_POINT ( 'NONE',  ( -3.100000000000000100, 0.4500000000000000100, -0.2999999999999999900 ) ) ;
#2095 = VECTOR ( 'NONE', #2096, 1000.000000000000000 ) ;
#2096 = DIRECTION ( 'NONE',  ( 0.0000000000000000000, -1.000000000000000000, 0.0000000000000000000 ) ) ;
#2097 = LINE ( 'NONE', #2098, #2099 ) ;
#2098 = CARTESIAN_POINT ( 'NONE',  ( 6.599999999999999600, 0.4500000000000000100, -1.399999999999999900 ) ) ;
#2099 = VECTOR ( 'NONE', #2100, 1000.000000000000000 ) ;
#2100 = DIRECTION ( 'NONE',  ( 0.0000000000000000000, -1.000000000000000000, 0.0000000000000000000 ) ) ;
#2101 = FACE_BOUND ( 'NONE', #1491, .T. ) ;
#2102 = FACE_OUTER_BOUND ( 'NONE', #1791, .T. ) ;
#2103 = PLANE ( 'NONE',  #2104 ) ;
#2104 = AXIS2_PLACEMENT_3D ( 'NONE', #2105, #2106, #2107 ) ;
#2105 = CARTESIAN_POINT ( 'NONE',  ( 6.299999999999999800, 3.000000000000000000, -2.399999999999999900 ) ) ;
#2106 = DIRECTION ( 'NONE',  ( -1.000000000000000000, 0.0000000000000000000, 1.807003620809174900E-016 ) ) ;
#2107 = DIRECTION ( 'NONE',  ( 1.807003620809174900E-016, 0.0000000000000000000, 1.000000000000000000 ) ) ;
#2108 = CIRCLE ( 'NONE', #2109, 0.4749999999999999800 ) ;
#2109 = AXIS2_PLACEMENT_3D ( 'NONE', #2110, #2111, #2112 ) ;
#2110 = CARTESIAN_POINT ( 'NONE',  ( 0.0000000000000000000, -0.5999999999999999800, 0.0000000000000000000 ) ) ;
#2111 = DIRECTION ( 'NONE',  ( 0.0000000000000000000, -1.000000000000000000, 0.0000000000000000000 ) ) ;
#2112 = DIRECTION ( 'NONE',  ( 0.0000000000000000000, 0.0000000000000000000, -1.000000000000000000 ) ) ;
#2113 = CARTESIAN_POINT ( 'NONE',  ( -3.100000000000000100, 0.4500000000000000100, 0.4500000000000000100 ) ) ;
#2114 = LINE ( 'NONE', #2115, #2116 ) ;
#2115 = CARTESIAN_POINT ( 'NONE',  ( -2.299999999999999800, 1.100000000000000100, 0.4500000000000000100 ) ) ;
#2116 = VECTOR ( 'NONE', #2117, 1000.000000000000000 ) ;
#2117 = DIRECTION ( 'NONE',  ( 0.0000000000000000000, 0.0000000000000000000, 1.000000000000000000 ) ) ;
#2118 = LINE ( 'NONE', #2119, #2120 ) ;
#2119 = CARTESIAN_POINT ( 'NONE',  ( 7.100000000000000500, 0.4500000000000000100, -0.2999999999999999900 ) ) ;
#2120 = VECTOR ( 'NONE', #2121, 1000.000000000000000 ) ;
#2121 = DIRECTION ( 'NONE',  ( 0.0000000000000000000, -1.000000000000000000, 0.0000000000000000000 ) ) ;
#2122 = FACE_OUTER_BOUND ( 'NONE', #291, .T. ) ;
#2123 = CYLINDRICAL_SURFACE ( 'NONE', #2124, 0.7800000000000000300 ) ;
#2124 = AXIS2_PLACEMENT_3D ( 'NONE', #2125, #2127, #2128 ) ;
#2125 = CARTESIAN_POINT ( 'NONE',  ( 3.252606517456515300E-016, -0.8000000000000000400, -1.350000000000000100 ) ) ;
#2126 = ORIENTED_EDGE ( 'NONE', *, *, #1602, .F. ) ;
#2127 = DIRECTION ( 'NONE',  ( 0.0000000000000000000, 0.0000000000000000000, 1.000000000000000000 ) ) ;
#2128 = DIRECTION ( 'NONE',  ( 1.000000000000000000, 0.0000000000000000000, 0.0000000000000000000 ) ) ;
#2129 = CARTESIAN_POINT ( 'NONE',  ( 0.2400000000000000200, -0.8000000000000000400, 0.8499999999999999800 ) ) ;
#2130 = CIRCLE ( 'NONE', #2131, 0.7800000000000000300 ) ;
#2131 = AXIS2_PLACEMENT_3D ( 'NONE', #2132, #2133, #2134 ) ;
#2132 = CARTESIAN_POINT ( 'NONE',  ( 3.252606517456515300E-016, -0.8000000000000000400, 1.350000000000000100 ) ) ;
#2133 = DIRECTION ( 'NONE',  ( 0.0000000000000000000, 0.0000000000000000000, -1.000000000000000000 ) ) ;
#2134 = DIRECTION ( 'NONE',  ( -1.000000000000000000, 0.0000000000000000000, 0.0000000000000000000 ) ) ;
#2135 = LINE ( 'NONE', #2136, #2137 ) ;
#2136 = CARTESIAN_POINT ( 'NONE',  ( -2.299999999999999800, 0.2999999999999999900, 0.4500000000000000100 ) ) ;
#2137 = VECTOR ( 'NONE', #2138, 1000.000000000000000 ) ;
#2138 = DIRECTION ( 'NONE',  ( 0.0000000000000000000, 0.0000000000000000000, 1.000000000000000000 ) ) ;
#2139 = LINE ( 'NONE', #2140, #2141 ) ;
#2140 = CARTESIAN_POINT ( 'NONE',  ( -0.2400000000000000200, -0.8000000000000000400, 1.350000000000000100 ) ) ;
#2141 = VECTOR ( 'NONE', #2142, 1000.000000000000000 ) ;
#2142 = DIRECTION ( 'NONE',  ( 0.0000000000000000000, 0.0000000000000000000, 1.000000000000000000 ) ) ;
#2143 = ORIENTED_EDGE ( 'NONE', *, *, #696, .F. ) ;
#2144 = ORIENTED_EDGE ( 'NONE', *, *, #1553, .T. ) ;
#2145 = CARTESIAN_POINT ( 'NONE',  ( 0.0000000000000000000, 0.0000000000000000000, 0.4749999999999999800 ) ) ;
#2146 = LINE ( 'NONE', #2147, #2148 ) ;
#2147 = CARTESIAN_POINT ( 'NONE',  ( 0.2400000000000000200, -0.8000000000000000400, -1.350000000000000100 ) ) ;
#2148 = VECTOR ( 'NONE', #2149, 1000.000000000000000 ) ;
#2149 = DIRECTION ( 'NONE',  ( 0.0000000000000000000, 1.000000000000000000, 0.0000000000000000000 ) ) ;
#2150 = FACE_OUTER_BOUND ( 'NONE', #712, .T. ) ;
#2151 = COLOUR_RGB ( '',0.7490196078431372600, 0.7490196078431372600, 0.7490196078431372600 ) ;
#2152 = FILL_AREA_STYLE_COLOUR ( '', #2151 ) ;
#2153 = FILL_AREA_STYLE ('',( #2152 ) ) ;
#2154 = SURFACE_STYLE_FILL_AREA ( #2153 ) ;
#2155 = SURFACE_SIDE_STYLE ('',( #2154 ) ) ;
#2156 = SURFACE_STYLE_USAGE ( .BOTH. , #2155 ) ;
#2157 = PRESENTATION_STYLE_ASSIGNMENT (( #2156 ) ) ;
#2158 = STYLED_ITEM ( 'NONE', ( #2157 ), #590 ) ;
#2159 = PRESENTATION_LAYER_ASSIGNMENT (  '', '', ( #2158 ) ) ;
#2160 = MECHANICAL_DESIGN_GEOMETRIC_PRESENTATION_REPRESENTATION (  '', ( #2158 ), #2166 ) ;
#2161 = EDGE_LOOP ( 'NONE', ( #840, #739, #779, #1560 ) ) ;
#2162 =( LENGTH_UNIT ( ) NAMED_UNIT ( * ) SI_UNIT ( .MILLI., .METRE. ) );
#2163 =( NAMED_UNIT ( * ) PLANE_ANGLE_UNIT ( ) SI_UNIT ( $, .RADIAN. ) );
#2164 =( NAMED_UNIT ( * ) SI_UNIT ( $, .STERADIAN. ) SOLID_ANGLE_UNIT ( ) );
#2165 = UNCERTAINTY_MEASURE_WITH_UNIT (LENGTH_MEASURE( 1.000000000000000100E-005 ), #2162, 'distance_accuracy_value', 'NONE');
#2166 =( GEOMETRIC_REPRESENTATION_CONTEXT ( 3 ) GLOBAL_UNCERTAINTY_ASSIGNED_CONTEXT ( ( #2165 ) ) GLOBAL_UNIT_ASSIGNED_CONTEXT ( ( #2162, #2163, #2164 ) ) REPRESENTATION_CONTEXT ( 'NONE', 'WORKASPACE' ) );
#2167 = PLANE ( 'NONE',  #2168 ) ;
#2168 = AXIS2_PLACEMENT_3D ( 'NONE', #2169, #2170, #2171 ) ;
#2169 = CARTESIAN_POINT ( 'NONE',  ( 7.599999999999999600, 0.05000000000000000300, 0.8499999999999999800 ) ) ;
#2170 = DIRECTION ( 'NONE',  ( 0.0000000000000000000, 0.0000000000000000000, -1.000000000000000000 ) ) ;
#2171 = DIRECTION ( 'NONE',  ( 1.000000000000000000, 0.0000000000000000000, 0.0000000000000000000 ) ) ;
#2172 = LINE ( 'NONE', #2173, #2174 ) ;
#2173 = CARTESIAN_POINT ( 'NONE',  ( 4.000000000000000000, -0.5999999999999999800, -0.4749999999999999800 ) ) ;
#2174 = VECTOR ( 'NONE', #2175, 1000.000000000000000 ) ;
#2175 = DIRECTION ( 'NONE',  ( 0.0000000000000000000, 1.000000000000000000, 0.0000000000000000000 ) ) ;
#2176 = LINE ( 'NONE', #2177, #2180 ) ;
#2177 = CARTESIAN_POINT ( 'NONE',  ( -1.200000000000000000, 0.1000000000000000100, 1.899999999999999900 ) ) ;
#2178 = ORIENTED_EDGE ( 'NONE', *, *, #1000, .F. ) ;
#2179 = ORIENTED_EDGE ( 'NONE', *, *, #727, .T. ) ;
#2180 = VECTOR ( 'NONE', #2181, 1000.000000000000000 ) ;
#2181 = DIRECTION ( 'NONE',  ( -1.000000000000000000, 0.0000000000000000000, -2.371692252312040000E-016 ) ) ;
#2182 = LINE ( 'NONE', #2183, #2184 ) ;
#2183 = CARTESIAN_POINT ( 'NONE',  ( 6.299999999999999800, 1.100000000000000100, 0.8499999999999999800 ) ) ;
#2184 = VECTOR ( 'NONE', #2185, 1000.000000000000000 ) ;
#2185 = DIRECTION ( 'NONE',  ( 0.0000000000000000000, 1.000000000000000000, 0.0000000000000000000 ) ) ;
#2186 = CIRCLE ( 'NONE', #2187, 0.4749999999999999800 ) ;
#2187 = AXIS2_PLACEMENT_3D ( 'NONE', #2188, #2189, #2190 ) ;
#2188 = CARTESIAN_POINT ( 'NONE',  ( 4.000000000000000000, 0.0000000000000000000, 0.0000000000000000000 ) ) ;
#2189 = DIRECTION ( 'NONE',  ( 0.0000000000000000000, -1.000000000000000000, 0.0000000000000000000 ) ) ;
#2190 = DIRECTION ( 'NONE',  ( 0.0000000000000000000, 0.0000000000000000000, 1.000000000000000000 ) ) ;
#2191 = LINE ( 'NONE', #2192, #2193 ) ;
#2192 = CARTESIAN_POINT ( 'NONE',  ( 5.816880180656291200E-017, -0.5999999999999999800, -0.4749999999999999800 ) ) ;
#2193 = VECTOR ( 'NONE', #2194, 1000.000000000000000 ) ;
#2194 = DIRECTION ( 'NONE',  ( 0.0000000000000000000, 1.000000000000000000, 0.0000000000000000000 ) ) ;
#2195 = LINE ( 'NONE', #2196, #2197 ) ;
#2196 = CARTESIAN_POINT ( 'NONE',  ( -1.200000000000000000, -7.443117626371360100, -1.899999999999999900 ) ) ;
#2197 = VECTOR ( 'NONE', #2198, 1000.000000000000000 ) ;
#2198 = DIRECTION ( 'NONE',  ( 0.0000000000000000000, 1.000000000000000000, 0.0000000000000000000 ) ) ;
#2199 = LINE ( 'NONE', #2200, #2201 ) ;
#2200 = CARTESIAN_POINT ( 'NONE',  ( 1.100000000000000100, 2.200000000000000200, -0.8499999999999999800 ) ) ;
#2201 = VECTOR ( 'NONE', #2202, 1000.000000000000000 ) ;
#2202 = DIRECTION ( 'NONE',  ( -1.000000000000000000, 0.0000000000000000000, -4.170008355713485000E-016 ) ) ;
#2203 = LINE ( 'NONE', #2204, #2205 ) ;
#2204 = CARTESIAN_POINT ( 'NONE',  ( -2.600000000000000100, 0.05000000000000000300, -0.2999999999999999900 ) ) ;
#2205 = VECTOR ( 'NONE', #2206, 1000.000000000000000 ) ;
#2206 = DIRECTION ( 'NONE',  ( 3.942553354492745000E-016, 0.0000000000000000000, 1.000000000000000000 ) ) ;
#2207 = CARTESIAN_POINT ( 'NONE',  ( 0.6200000000000000000, 3.000000000000000000, -0.8499999999999999800 ) ) ;
#2208 = FACE_OUTER_BOUND ( 'NONE', #1727, .T. ) ;
#2209 = PLANE ( 'NONE',  #2210 ) ;
#2210 = AXIS2_PLACEMENT_3D ( 'NONE', #2211, #2215, #2216 ) ;
#2211 = CARTESIAN_POINT ( 'NONE',  ( 0.5000000000000000000, -0.8000000000000000400, 0.8499999999999999800 ) ) ;
#2212 = EDGE_LOOP ( 'NONE', ( #480, #867, #883, #1187 ) ) ;
#2213 = VERTEX_POINT ( 'NONE', #1483 ) ;
#2214 = EDGE_CURVE ( 'NONE', #1794, #1705, #1484, .T. ) ;
#2215 = DIRECTION ( 'NONE',  ( 1.000000000000000000, 0.0000000000000000000, 1.275531967630004000E-016 ) ) ;
#2216 = DIRECTION ( 'NONE',  ( 1.275531967630004000E-016, 0.0000000000000000000, -1.000000000000000000 ) ) ;
#2217 = LINE ( 'NONE', #2218, #2219 ) ;
#2218 = CARTESIAN_POINT ( 'NONE',  ( 1.100000000000000100, 2.200000000000000200, 0.8499999999999999800 ) ) ;
#2219 = VECTOR ( 'NONE', #2220, 1000.000000000000000 ) ;
#2220 = DIRECTION ( 'NONE',  ( -4.336808689942015300E-016, 0.0000000000000000000, -1.000000000000000000 ) ) ;
#2221 = LINE ( 'NONE', #2222, #2223 ) ;
#2222 = CARTESIAN_POINT ( 'NONE',  ( 0.2400000000000000200, -0.8000000000000000400, 1.350000000000000100 ) ) ;
#2223 = VECTOR ( 'NONE', #2224, 1000.000000000000000 ) ;
#2224 = DIRECTION ( 'NONE',  ( 0.0000000000000000000, 0.0000000000000000000, -1.000000000000000000 ) ) ;
#2225 = LINE ( 'NONE', #2226, #2227 ) ;
#2226 = CARTESIAN_POINT ( 'NONE',  ( 0.6200000000000000000, 3.000000000000000000, 1.350000000000000100 ) ) ;
#2227 = VECTOR ( 'NONE', #2228, 1000.000000000000000 ) ;
#2228 = DIRECTION ( 'NONE',  ( 1.000000000000000000, 0.0000000000000000000, 0.0000000000000000000 ) ) ;
#2229 = CIRCLE ( 'NONE', #2230, 0.4749999999999999800 ) ;
#2230 = AXIS2_PLACEMENT_3D ( 'NONE', #2234, #2235, #2236 ) ;
#2231 = ORIENTED_EDGE ( 'NONE', *, *, #2354, .F. ) ;
#2232 = VERTEX_POINT ( 'NONE', #1488 ) ;
#2233 = ORIENTED_EDGE ( 'NONE', *, *, #518, .T. ) ;
#2234 = CARTESIAN_POINT ( 'NONE',  ( 4.000000000000000000, -0.5999999999999999800, 0.0000000000000000000 ) ) ;
#2235 = DIRECTION ( 'NONE',  ( 0.0000000000000000000, -1.000000000000000000, 0.0000000000000000000 ) ) ;
#2236 = DIRECTION ( 'NONE',  ( 0.0000000000000000000, 0.0000000000000000000, 1.000000000000000000 ) ) ;
#2237 = LINE ( 'NONE', #2238, #2239 ) ;
#2238 = CARTESIAN_POINT ( 'NONE',  ( 5.200000000000000200, 0.1000000000000000100, 1.899999999999999900 ) ) ;
#2239 = VECTOR ( 'NONE', #2240, 1000.000000000000000 ) ;
#2240 = DIRECTION ( 'NONE',  ( -4.565061778886340000E-016, 0.0000000000000000000, 1.000000000000000000 ) ) ;
#2241 = LINE ( 'NONE', #2242, #2243 ) ;
#2242 = CARTESIAN_POINT ( 'NONE',  ( -3.600000000000000100, 1.100000000000000100, 0.4500000000000000100 ) ) ;
#2243 = VECTOR ( 'NONE', #2244, 1000.000000000000000 ) ;
#2244 = DIRECTION ( 'NONE',  ( 0.0000000000000000000, 0.0000000000000000000, 1.000000000000000000 ) ) ;
#2245 = LINE ( 'NONE', #2246, #2247 ) ;
#2246 = CARTESIAN_POINT ( 'NONE',  ( 6.299999999999999800, 1.100000000000000100, 0.4500000000000000100 ) ) ;
#2247 = VECTOR ( 'NONE', #2248, 1000.000000000000000 ) ;
#2248 = DIRECTION ( 'NONE',  ( 1.000000000000000000, -1.668003342285389800E-016, 0.0000000000000000000 ) ) ;
#2249 = LINE ( 'NONE', #2251, #2252 ) ;
#2250 = ORIENTED_EDGE ( 'NONE', *, *, #1094, .F. ) ;
#2251 = CARTESIAN_POINT ( 'NONE',  ( 0.6200000000000000000, 3.000000000000000000, 0.8499999999999999800 ) ) ;
#2252 = VECTOR ( 'NONE', #2253, 1000.000000000000000 ) ;
#2253 = DIRECTION ( 'NONE',  ( -4.336808689942015300E-016, 0.0000000000000000000, 1.000000000000000000 ) ) ;
#2254 = CARTESIAN_POINT ( 'NONE',  ( 0.6200000000000000000, 2.200000000000000200, 1.350000000000000100 ) ) ;
#2255 = FACE_OUTER_BOUND ( 'NONE', #1814, .T. ) ;
#2256 = COLOUR_RGB ( '',0.7490196078431372600, 0.7490196078431372600, 0.7490196078431372600 ) ;
#2257 = FILL_AREA_STYLE_COLOUR ( '', #2256 ) ;
#2258 = FILL_AREA_STYLE ('',( #2257 ) ) ;
#2259 = SURFACE_STYLE_FILL_AREA ( #2258 ) ;
#2260 = SURFACE_SIDE_STYLE ('',( #2259 ) ) ;
#2261 = SURFACE_STYLE_USAGE ( .BOTH. , #2260 ) ;
#2262 = PRESENTATION_STYLE_ASSIGNMENT (( #2261 ) ) ;
#2263 = STYLED_ITEM ( 'NONE', ( #2262 ), #1777 ) ;
#2264 = PRESENTATION_LAYER_ASSIGNMENT (  '', '', ( #2263 ) ) ;
#2265 = MECHANICAL_DESIGN_GEOMETRIC_PRESENTATION_REPRESENTATION (  '', ( #2263 ), #2270 ) ;
#2266 =( LENGTH_UNIT ( ) NAMED_UNIT ( * ) SI_UNIT ( .MILLI., .METRE. ) );
#2267 =( NAMED_UNIT ( * ) PLANE_ANGLE_UNIT ( ) SI_UNIT ( $, .RADIAN. ) );
#2268 =( NAMED_UNIT ( * ) SI_UNIT ( $, .STERADIAN. ) SOLID_ANGLE_UNIT ( ) );
#2269 = UNCERTAINTY_MEASURE_WITH_UNIT (LENGTH_MEASURE( 1.000000000000000100E-005 ), #2266, 'distance_accuracy_value', 'NONE');
#2270 =( GEOMETRIC_REPRESENTATION_CONTEXT ( 3 ) GLOBAL_UNCERTAINTY_ASSIGNED_CONTEXT ( ( #2269 ) ) GLOBAL_UNIT_ASSIGNED_CONTEXT ( ( #2266, #2267, #2268 ) ) REPRESENTATION_CONTEXT ( 'NONE', 'WORKASPACE' ) );
#2271 = PLANE ( 'NONE',  #2272 ) ;
#2272 = AXIS2_PLACEMENT_3D ( 'NONE', #2273, #2274, #2275 ) ;
#2273 = CARTESIAN_POINT ( 'NONE',  ( -3.600000000000000100, 0.4500000000000000100, -1.399999999999999900 ) ) ;
#2274 = DIRECTION ( 'NONE',  ( 0.0000000000000000000, -1.000000000000000000, 0.0000000000000000000 ) ) ;
#2275 = DIRECTION ( 'NONE',  ( 0.0000000000000000000, 0.0000000000000000000, -1.000000000000000000 ) ) ;
#2276 = LINE ( 'NONE', #2277, #2278 ) ;
#2277 = CARTESIAN_POINT ( 'NONE',  ( 0.3600000000000000400, 2.200000000000000200, -0.8499999999999999800 ) ) ;
#2278 = VECTOR ( 'NONE', #2279, 1000.000000000000000 ) ;
#2279 = DIRECTION ( 'NONE',  ( -1.000000000000000000, 0.0000000000000000000, 4.170008355713470200E-016 ) ) ;
#2280 = CARTESIAN_POINT ( 'NONE',  ( -0.2400000000000000200, -0.8000000000000000400, -1.350000000000000100 ) ) ;
#2281 = CARTESIAN_POINT ( 'NONE',  ( -3.100000000000000100, 0.4500000000000000100, -0.2999999999999999900 ) ) ;
#2282 = LINE ( 'NONE', #2283, #2284 ) ;
#2283 = CARTESIAN_POINT ( 'NONE',  ( 0.0000000000000000000, -0.5999999999999999800, 0.4749999999999999800 ) ) ;
#2284 = VECTOR ( 'NONE', #2285, 1000.000000000000000 ) ;
#2285 = DIRECTION ( 'NONE',  ( 0.0000000000000000000, 1.000000000000000000, 0.0000000000000000000 ) ) ;
#2286 = LINE ( 'NONE', #2287, #2288 ) ;
#2287 = CARTESIAN_POINT ( 'NONE',  ( 7.100000000000000500, 0.05000000000000000300, 0.4500000000000000100 ) ) ;
#2288 = VECTOR ( 'NONE', #2289, 1000.000000000000000 ) ;
#2289 = DIRECTION ( 'NONE',  ( 0.0000000000000000000, -1.000000000000000000, 0.0000000000000000000 ) ) ;
#2290 = CARTESIAN_POINT ( 'NONE',  ( -3.600000000000000100, 0.05000000000000000300, -1.399999999999999900 ) ) ;
#2291 = CARTESIAN_POINT ( 'NONE',  ( -2.299999999999999800, 1.100000000000000100, 0.8499999999999999800 ) ) ;
#2292 = CARTESIAN_POINT ( 'NONE',  ( 5.816880180656291200E-017, -0.5999999999999999800, -0.4749999999999999800 ) ) ;
#2293 = FACE_BOUND ( 'NONE', #705, .T. ) ;
#2294 = FACE_OUTER_BOUND ( 'NONE', #1282, .T. ) ;
#2295 = PLANE ( 'NONE',  #2296 ) ;
#2296 = AXIS2_PLACEMENT_3D ( 'NONE', #2297, #2298, #2300 ) ;
#2297 = CARTESIAN_POINT ( 'NONE',  ( -2.299999999999999800, 3.000000000000000000, -2.399999999999999900 ) ) ;
#2298 = DIRECTION ( 'NONE',  ( 1.000000000000000000, 0.0000000000000000000, -9.035018104045869500E-017 ) ) ;
#2299 = ORIENTED_EDGE ( 'NONE', *, *, #1513, .F. ) ;
#2300 = DIRECTION ( 'NONE',  ( -9.035018104045869500E-017, 0.0000000000000000000, -1.000000000000000000 ) ) ;
#2301 = LINE ( 'NONE', #2302, #2303 ) ;
#2302 = CARTESIAN_POINT ( 'NONE',  ( 1.360000000000000100, 3.000000000000000000, -0.8499999999999999800 ) ) ;
#2303 = VECTOR ( 'NONE', #2304, 1000.000000000000000 ) ;
#2304 = DIRECTION ( 'NONE',  ( -1.275531967630006000E-016, 0.0000000000000000000, -1.000000000000000000 ) ) ;
#2305 = CARTESIAN_POINT ( 'NONE',  ( 4.000000000000000000, 0.0000000000000000000, 0.4749999999999999800 ) ) ;
#2306 = CARTESIAN_POINT ( 'NONE',  ( -2.299999999999999800, 0.2999999999999999900, 0.8499999999999999800 ) ) ;
#2307 = LINE ( 'NONE', #2308, #2309 ) ;
#2308 = CARTESIAN_POINT ( 'NONE',  ( -3.100000000000000100, 0.05000000000000000300, 0.4500000000000000100 ) ) ;
#2309 = VECTOR ( 'NONE', #2310, 1000.000000000000000 ) ;
#2310 = DIRECTION ( 'NONE',  ( 0.0000000000000000000, 0.0000000000000000000, 1.000000000000000000 ) ) ;
#2311 = CARTESIAN_POINT ( 'NONE',  ( 5.200000000000000200, 0.1000000000000000100, 1.899999999999999900 ) ) ;
#2312 = LINE ( 'NONE', #2313, #2314 ) ;
#2313 = CARTESIAN_POINT ( 'NONE',  ( 0.6200000000000000000, 2.200000000000000200, 0.8499999999999999800 ) ) ;
#2314 = VECTOR ( 'NONE', #2315, 1000.000000000000000 ) ;
#2315 = DIRECTION ( 'NONE',  ( 0.0000000000000000000, 1.000000000000000000, 0.0000000000000000000 ) ) ;
#2316 = ORIENTED_EDGE ( 'NONE', *, *, #1130, .F. ) ;
#2317 = VERTEX_POINT ( 'NONE', #45 ) ;
#2318 = ORIENTED_EDGE ( 'NONE', *, *, #1592, .T. ) ;
#2319 = CARTESIAN_POINT ( 'NONE',  ( 1.360000000000000100, 2.200000000000000200, -0.8499999999999999800 ) ) ;
#2320 = CARTESIAN_POINT ( 'NONE',  ( 4.000000000000000000, 0.0000000000000000000, -0.4749999999999999800 ) ) ;
#2321 = CARTESIAN_POINT ( 'NONE',  ( 0.2400000000000000200, -0.8000000000000000400, -1.350000000000000100 ) ) ;
#2322 = LINE ( 'NONE', #2323, #2324 ) ;
#2323 = CARTESIAN_POINT ( 'NONE',  ( 0.6200000000000000000, 2.200000000000000200, 0.8499999999999999800 ) ) ;
#2324 = VECTOR ( 'NONE', #2325, 1000.000000000000000 ) ;
#2325 = DIRECTION ( 'NONE',  ( -4.336808689942015300E-016, 0.0000000000000000000, 1.000000000000000000 ) ) ;
#2326 = CARTESIAN_POINT ( 'NONE',  ( 0.5000000000000000000, -0.8000000000000000400, 0.8499999999999999800 ) ) ;
#2327 = FACE_OUTER_BOUND ( 'NONE', #735, .T. ) ;
#2328 = COLOUR_RGB ( '',0.7490196078431372600, 0.7490196078431372600, 0.7490196078431372600 ) ;
#2329 = FILL_AREA_STYLE_COLOUR ( '', #2328 ) ;
#2330 = FILL_AREA_STYLE ('',( #2329 ) ) ;
#2331 = SURFACE_STYLE_FILL_AREA ( #2330 ) ;
#2332 = SURFACE_SIDE_STYLE ('',( #2331 ) ) ;
#2333 = SURFACE_STYLE_USAGE ( .BOTH. , #2332 ) ;
#2334 = PRESENTATION_STYLE_ASSIGNMENT (( #2333 ) ) ;
#2335 = ORIENTED_EDGE ( 'NONE', *, *, #1796, .F. ) ;
#2336 = ADVANCED_FACE ( 'NONE', ( #46 ), #47, .F. ) ;
#2337 = ORIENTED_EDGE ( 'NONE', *, *, #981, .F. ) ;
#2338 = STYLED_ITEM ( 'NONE', ( #2334 ), #700 ) ;
#2339 = PRESENTATION_LAYER_ASSIGNMENT (  '', '', ( #2338 ) ) ;
#2340 = MECHANICAL_DESIGN_GEOMETRIC_PRESENTATION_REPRESENTATION (  '', ( #2338 ), #2345 ) ;
#2341 =( LENGTH_UNIT ( ) NAMED_UNIT ( * ) SI_UNIT ( .MILLI., .METRE. ) );
#2342 =( NAMED_UNIT ( * ) PLANE_ANGLE_UNIT ( ) SI_UNIT ( $, .RADIAN. ) );
#2343 =( NAMED_UNIT ( * ) SI_UNIT ( $, .STERADIAN. ) SOLID_ANGLE_UNIT ( ) );
#2344 = UNCERTAINTY_MEASURE_WITH_UNIT (LENGTH_MEASURE( 1.000000000000000100E-005 ), #2341, 'distance_accuracy_value', 'NONE');
#2345 =( GEOMETRIC_REPRESENTATION_CONTEXT ( 3 ) GLOBAL_UNCERTAINTY_ASSIGNED_CONTEXT ( ( #2344 ) ) GLOBAL_UNIT_ASSIGNED_CONTEXT ( ( #2341, #2342, #2343 ) ) REPRESENTATION_CONTEXT ( 'NONE', 'WORKASPACE' ) );
#2346 = PLANE ( 'NONE',  #2347 ) ;
#2347 = AXIS2_PLACEMENT_3D ( 'NONE', #2348, #2349, #2350 ) ;
#2348 = CARTESIAN_POINT ( 'NONE',  ( -2.600000000000000100, 0.4500000000000000100, -0.2999999999999999900 ) ) ;
#2349 = DIRECTION ( 'NONE',  ( 0.0000000000000000000, 0.0000000000000000000, 1.000000000000000000 ) ) ;
#2350 = DIRECTION ( 'NONE',  ( 1.000000000000000000, 0.0000000000000000000, 0.0000000000000000000 ) ) ;
#2351 = LINE ( 'NONE', #2352, #2353 ) ;
#2352 = CARTESIAN_POINT ( 'NONE',  ( 0.6200000000000000000, 3.000000000000000000, -1.350000000000000100 ) ) ;
#2353 = VECTOR ( 'NONE', #2356, 1000.000000000000000 ) ;
#2354 = EDGE_CURVE ( 'NONE', #1780, #1649, #56, .T. ) ;
#2355 = ORIENTED_EDGE ( 'NONE', *, *, #1206, .F. ) ;
#2356 = DIRECTION ( 'NONE',  ( 1.517883041479705000E-015, 0.0000000000000000000, 1.000000000000000000 ) ) ;
#2357 = LINE ( 'NONE', #2358, #2359 ) ;
#2358 = CARTESIAN_POINT ( 'NONE',  ( -2.299999999999999800, 0.1000000000000000100, -2.399999999999999900 ) ) ;
#2359 = VECTOR ( 'NONE', #2360, 1000.000000000000000 ) ;
#2360 = DIRECTION ( 'NONE',  ( -1.000000000000000000, 0.0000000000000000000, 1.008560160451631900E-016 ) ) ;
#2361 = LINE ( 'NONE', #2362, #2363 ) ;
#2362 = CARTESIAN_POINT ( 'NONE',  ( 0.2400000000000000200, -0.8000000000000000400, 0.8499999999999999800 ) ) ;
#2363 = VECTOR ( 'NONE', #2364, 1000.000000000000000 ) ;
#2364 = DIRECTION ( 'NONE',  ( 0.0000000000000000000, 1.000000000000000000, 0.0000000000000000000 ) ) ;
#2365 = FACE_OUTER_BOUND ( 'NONE', #886, .T. ) ;
#2366 = PLANE ( 'NONE',  #2367 ) ;
#2367 = AXIS2_PLACEMENT_3D ( 'NONE', #2368, #2369, #2370 ) ;
#2368 = CARTESIAN_POINT ( 'NONE',  ( 0.3600000000000000400, 2.200000000000000200, -0.8499999999999999800 ) ) ;
#2369 = DIRECTION ( 'NONE',  ( -1.000000000000000000, 0.0000000000000000000, -1.275531967630006000E-016 ) ) ;
#2370 = DIRECTION ( 'NONE',  ( -1.275531967630006000E-016, 0.0000000000000000000, 1.000000000000000000 ) ) ;
#2371 = LINE ( 'NONE', #2372, #2373 ) ;
#2372 = CARTESIAN_POINT ( 'NONE',  ( 1.100000000000000100, 2.200000000000000200, -1.350000000000000100 ) ) ;
#2373 = VECTOR ( 'NONE', #2374, 1000.000000000000000 ) ;
#2374 = DIRECTION ( 'NONE',  ( 0.0000000000000000000, 0.0000000000000000000, -1.000000000000000000 ) ) ;
#2375 = FACE_OUTER_BOUND ( 'NONE', #1559, .T. ) ;
#2376 = PLANE ( 'NONE',  #2377 ) ;
#2377 = AXIS2_PLACEMENT_3D ( 'NONE', #2378, #2379, #2380 ) ;
#2378 = CARTESIAN_POINT ( 'NONE',  ( 0.2400000000000000200, -0.8000000000000000400, -1.350000000000000100 ) ) ;
#2379 = DIRECTION ( 'NONE',  ( 0.0000000000000000000, 0.0000000000000000000, -1.000000000000000000 ) ) ;
#2380 = DIRECTION ( 'NONE',  ( -1.000000000000000000, 0.0000000000000000000, 0.0000000000000000000 ) ) ;
#2381 = CARTESIAN_POINT ( 'NONE',  ( 5.816880180656291200E-017, 0.0000000000000000000, -0.4749999999999999800 ) ) ;
#2382 = FACE_OUTER_BOUND ( 'NONE', #852, .T. ) ;
#2383 = COLOUR_RGB ( '',0.7490196078431372600, 0.7490196078431372600, 0.7490196078431372600 ) ;
#2384 = FILL_AREA_STYLE_COLOUR ( '', #2383 ) ;
#2385 = FILL_AREA_STYLE ('',( #2384 ) ) ;
#2386 = SURFACE_STYLE_FILL_AREA ( #2385 ) ;
#2387 = SURFACE_SIDE_STYLE ('',( #2386 ) ) ;
#2388 = EDGE_CURVE ( 'NONE', #1129, #1657, #65, .T. ) ;
#2389 = VERTEX_POINT ( 'NONE', #71 ) ;
#2390 = ORIENTED_EDGE ( 'NONE', *, *, #1019, .F. ) ;
#2391 = SURFACE_STYLE_USAGE ( .BOTH. , #2387 ) ;
#2392 = PRESENTATION_STYLE_ASSIGNMENT (( #2391 ) ) ;
#2393 = STYLED_ITEM ( 'NONE', ( #2392 ), #707 ) ;
#2394 = PRESENTATION_LAYER_ASSIGNMENT (  '', '', ( #2393 ) ) ;
#2395 = MECHANICAL_DESIGN_GEOMETRIC_PRESENTATION_REPRESENTATION (  '', ( #2393 ), #2400 ) ;
#2396 =( LENGTH_UNIT ( ) NAMED_UNIT ( * ) SI_UNIT ( .MILLI., .METRE. ) );
#2397 =( NAMED_UNIT ( * ) PLANE_ANGLE_UNIT ( ) SI_UNIT ( $, .RADIAN. ) );
#2398 =( NAMED_UNIT ( * ) SI_UNIT ( $, .STERADIAN. ) SOLID_ANGLE_UNIT ( ) );
#2399 = UNCERTAINTY_MEASURE_WITH_UNIT (LENGTH_MEASURE( 1.000000000000000100E-005 ), #2396, 'distance_accuracy_value', 'NONE');
#2400 =( GEOMETRIC_REPRESENTATION_CONTEXT ( 3 ) GLOBAL_UNCERTAINTY_ASSIGNED_CONTEXT ( ( #2399 ) ) GLOBAL_UNIT_ASSIGNED_CONTEXT ( ( #2396, #2397, #2398 ) ) REPRESENTATION_CONTEXT ( 'NONE', 'WORKASPACE' ) );
#2401 = PLANE ( 'NONE',  #2402 ) ;
#2402 = AXIS2_PLACEMENT_3D ( 'NONE', #2403, #2404, #2405 ) ;
#2403 = CARTESIAN_POINT ( 'NONE',  ( -2.600000000000000100, 0.4500000000000000100, -0.2999999999999999900 ) ) ;
#2404 = DIRECTION ( 'NONE',  ( 1.000000000000000000, 0.0000000000000000000, -3.942553354492745000E-016 ) ) ;
#2405 = DIRECTION ( 'NONE',  ( -3.942553354492745000E-016, 0.0000000000000000000, -1.000000000000000000 ) ) ;
#2406 = CARTESIAN_POINT ( 'NONE',  ( 1.100000000000000100, 2.200000000000000200, 1.350000000000000100 ) ) ;
ENDSEC;
END-ISO-10303-21;
